time,temperature_2m (°C),precipitation (mm),wind_speed_100m (km/h)
2012-03-01T00:00,14.4,0,18.9
2012-03-01T01:00,13.2,0,19.7
2012-03-01T02:00,11.7,0,21
2012-03-01T03:00,10.6,0,15.4
2012-03-01T04:00,10,0,9.3
2012-03-01T05:00,9.4,0,7.4
2012-03-01T06:00,8.8,0,6.5
2012-03-01T07:00,8,0,6
2012-03-01T08:00,8.1,0,6.7
2012-03-01T09:00,8,0,6.7
2012-03-01T10:00,8.3,0,7.3
2012-03-01T11:00,8.2,0,9
2012-03-01T12:00,8.2,0,7.8
2012-03-01T13:00,8,0,6.5
2012-03-01T14:00,8.1,0,3.2
2012-03-01T15:00,8.7,0,1.5
2012-03-01T16:00,10,0,3.8
2012-03-01T17:00,11.2,0,5
2012-03-01T18:00,12.7,0,4.7
2012-03-01T19:00,14.9,0,6.9
2012-03-01T20:00,16.4,0,11
2012-03-01T21:00,17,0,14.9
2012-03-01T22:00,17.3,0,9.4
2012-03-01T23:00,16.5,0,10.7
2012-03-02T00:00,15.2,0,12.2
2012-03-02T01:00,14.1,0,13.3
2012-03-02T02:00,12.9,0,12.7
2012-03-02T03:00,11.7,0,10.8
2012-03-02T04:00,10.6,0,12.6
2012-03-02T05:00,9.4,0,11.8
2012-03-02T06:00,8.6,0,8
2012-03-02T07:00,8.2,0,2.5
2012-03-02T08:00,7.6,0,0.4
2012-03-02T09:00,6.6,0,2.3
2012-03-02T10:00,5.5,0,9.4
2012-03-02T11:00,4.8,0,13.1
2012-03-02T12:00,4.4,0,11.9
2012-03-02T13:00,4.3,0,8.4
2012-03-02T14:00,4.3,0,7.4
2012-03-02T15:00,4.9,0,11.2
2012-03-02T16:00,9.3,0,12.8
2012-03-02T17:00,14,0,13.7
2012-03-02T18:00,17,0,14.3
2012-03-02T19:00,19.2,0,15.2
2012-03-02T20:00,21,0,12.8
2012-03-02T21:00,22.2,0,10.4
2012-03-02T22:00,22.7,0,9.5
2012-03-02T23:00,22.7,0,6.4
2012-03-03T00:00,22.1,0,8.6
2012-03-03T01:00,20.9,0,8.3
2012-03-03T02:00,18.9,0,10.1
2012-03-03T03:00,15.8,0,13.4
2012-03-03T04:00,12.6,0,13
2012-03-03T05:00,10.6,0,12.4
2012-03-03T06:00,9.2,0,12.6
2012-03-03T07:00,8.9,0,11.8
2012-03-03T08:00,8.1,0,9.8
2012-03-03T09:00,7.4,0,9.5
2012-03-03T10:00,6.8,0,12.9
2012-03-03T11:00,6.3,0,11.5
2012-03-03T12:00,6,0,12.2
2012-03-03T13:00,5.7,0,12.4
2012-03-03T14:00,5.4,0,12.7
2012-03-03T15:00,5.9,0,12.7
2012-03-03T16:00,10.7,0,12.8
2012-03-03T17:00,17.3,0,8
2012-03-03T18:00,21.1,0,4.7
2012-03-03T19:00,23,0,1.9
2012-03-03T20:00,24.9,0,2.4
2012-03-03T21:00,26.1,0,5.3
2012-03-03T22:00,26.7,0,8.5
2012-03-03T23:00,26.8,0,9.4
2012-03-04T00:00,26.3,0,9.9
2012-03-04T01:00,25.1,0,12.1
2012-03-04T02:00,22.9,0,14.4
2012-03-04T03:00,19.5,0,11.6
2012-03-04T04:00,16.5,0,8.4
2012-03-04T05:00,13.7,0,6.5
2012-03-04T06:00,13.1,0,7.3
2012-03-04T07:00,12.8,0,8.7
2012-03-04T08:00,11.9,0,10
2012-03-04T09:00,11.2,0,11.1
2012-03-04T10:00,10.6,0,12.8
2012-03-04T11:00,10.1,0,12.6
2012-03-04T12:00,9.7,0,12.9
2012-03-04T13:00,9.4,0,13
2012-03-04T14:00,9.2,0,13.2
2012-03-04T15:00,9.7,0,12.9
2012-03-04T16:00,14.5,0,13.4
2012-03-04T17:00,21.3,0,10.8
2012-03-04T18:00,25.4,0,9.3
2012-03-04T19:00,28,0,7.6
2012-03-04T20:00,29.8,0,4.6
2012-03-04T21:00,30.9,0,2.4
2012-03-04T22:00,31.4,0,3.4
2012-03-04T23:00,31.2,0,6.2
2012-03-05T00:00,30.2,0,9.7
2012-03-05T01:00,28.4,0,13.1
2012-03-05T02:00,25.7,0,14.8
2012-03-05T03:00,23.6,0,11.6
2012-03-05T04:00,20.6,0,8
2012-03-05T05:00,17.9,0,5.1
2012-03-05T06:00,15.3,0,5.6
2012-03-05T07:00,14.7,0,7.3
2012-03-05T08:00,13.8,0,8
2012-03-05T09:00,12.9,0,7.4
2012-03-05T10:00,12.4,0,9.4
2012-03-05T11:00,11.9,0,6.6
2012-03-05T12:00,11.6,0,5.9
2012-03-05T13:00,11.5,0,7.7
2012-03-05T14:00,11.2,0,8.2
2012-03-05T15:00,11.8,0,7.9
2012-03-05T16:00,15.8,0,7
2012-03-05T17:00,22,0,6.2
2012-03-05T18:00,25.6,0,3.3
2012-03-05T19:00,27,0,5.8
2012-03-05T20:00,27.9,0,8.6
2012-03-05T21:00,28.3,0,11.8
2012-03-05T22:00,27.9,0,9.7
2012-03-05T23:00,27.2,0,10.6
2012-03-06T00:00,26,0,10.8
2012-03-06T01:00,23.7,0,9.9
2012-03-06T02:00,21.4,0,7.9
2012-03-06T03:00,19.4,0,5.1
2012-03-06T04:00,17.3,0,2.9
2012-03-06T05:00,15.7,0,4.3
2012-03-06T06:00,14.3,0,6.2
2012-03-06T07:00,14.3,0,6.4
2012-03-06T08:00,13.5,0,7.9
2012-03-06T09:00,12.7,0,10
2012-03-06T10:00,13.4,0,8.2
2012-03-06T11:00,12.4,0,7.3
2012-03-06T12:00,8.8,0,9.4
2012-03-06T13:00,8.8,0,9.2
2012-03-06T14:00,8.9,0,6.7
2012-03-06T15:00,9.7,0,9.4
2012-03-06T16:00,12.8,0,9
2012-03-06T17:00,14.1,0,10.1
2012-03-06T18:00,15.4,0,12.3
2012-03-06T19:00,15.7,0,15.9
2012-03-06T20:00,16.5,0,19.7
2012-03-06T21:00,16.9,0,23.5
2012-03-06T22:00,17,0,17.2
2012-03-06T23:00,16.2,0,16.9
2012-03-07T00:00,15.6,0,18.4
2012-03-07T01:00,15,0,14.8
2012-03-07T02:00,13.5,0,10.4
2012-03-07T03:00,12.5,0,4.6
2012-03-07T04:00,11.6,0,1.5
2012-03-07T05:00,10.6,0,10.1
2012-03-07T06:00,9.4,0,10.1
2012-03-07T07:00,8.2,0,8.8
2012-03-07T08:00,7.2,0,9.4
2012-03-07T09:00,6.6,0,12.8
2012-03-07T10:00,6,0,18.9
2012-03-07T11:00,5.2,0,15.2
2012-03-07T12:00,4.9,0,22.8
2012-03-07T13:00,5,0,29
2012-03-07T14:00,4.7,0,27.8
2012-03-07T15:00,4.8,0,23.1
2012-03-07T16:00,9.1,0,19.8
2012-03-07T17:00,11.9,0,19.5
2012-03-07T18:00,14,0,16.1
2012-03-07T19:00,14.9,0,12.4
2012-03-07T20:00,16.6,0,10.1
2012-03-07T21:00,18.1,0,7.9
2012-03-07T22:00,19.2,0,5.9
2012-03-07T23:00,19.9,0,8.6
2012-03-08T00:00,19.8,0,13.9
2012-03-08T01:00,18.4,0,19.4
2012-03-08T02:00,15.6,0,22.6
2012-03-08T03:00,13.5,0,18.7
2012-03-08T04:00,12.1,0,14.7
2012-03-08T05:00,10.3,0,10.9
2012-03-08T06:00,8.6,0,8
2012-03-08T07:00,7.5,0,6.2
2012-03-08T08:00,6.8,0,5.9
2012-03-08T09:00,6.3,0,5.8
2012-03-08T10:00,5.8,0,6.1
2012-03-08T11:00,5.3,0,5.4
2012-03-08T12:00,4.9,0,3.6
2012-03-08T13:00,4.5,0,2.5
2012-03-08T14:00,4.3,0,3.8
2012-03-08T15:00,5.1,0,5.6
2012-03-08T16:00,10.6,0,7.7
2012-03-08T17:00,16.8,0,4.8
2012-03-08T18:00,20.1,0,5.4
2012-03-08T19:00,22.2,0,3.5
2012-03-08T20:00,24,0,1.8
2012-03-08T21:00,25.2,0,3.1
2012-03-08T22:00,26,0,9.4
2012-03-08T23:00,26.1,0,11.9
2012-03-09T00:00,25.4,0,14.8
2012-03-09T01:00,24.2,0,17.1
2012-03-09T02:00,21.7,0,18.3
2012-03-09T03:00,20,0,14.3
2012-03-09T04:00,16.7,0,9.6
2012-03-09T05:00,14.2,0,6.3
2012-03-09T06:00,12.5,0,5.5
2012-03-09T07:00,11.8,0,6.9
2012-03-09T08:00,11.3,0,8.2
2012-03-09T09:00,10.8,0,8.9
2012-03-09T10:00,10.2,0,9
2012-03-09T11:00,9.6,0,10.1
2012-03-09T12:00,9,0,11
2012-03-09T13:00,8.6,0,12.4
2012-03-09T14:00,8.4,0,13
2012-03-09T15:00,9.3,0,14
2012-03-09T16:00,14.8,0,13.8
2012-03-09T17:00,21.6,0,10.1
2012-03-09T18:00,25.2,0,10.2
2012-03-09T19:00,26.7,0,8.9
2012-03-09T20:00,28.1,0,3.6
2012-03-09T21:00,29.1,0,2.8
2012-03-09T22:00,29.6,0,8.4
2012-03-09T23:00,29.4,0,14
2012-03-10T00:00,28.3,0,20.8
2012-03-10T01:00,25.9,0,24.6
2012-03-10T02:00,23.1,0,25.2
2012-03-10T03:00,21.1,0,22
2012-03-10T04:00,18.9,0,16.1
2012-03-10T05:00,16.5,0,10.8
2012-03-10T06:00,14.1,0,6.1
2012-03-10T07:00,12.6,0,2.2
2012-03-10T08:00,11.4,0,2.7
2012-03-10T09:00,10.6,0,4.7
2012-03-10T10:00,10,0,7.2
2012-03-10T11:00,9.5,0,9.9
2012-03-10T12:00,8.9,0,12
2012-03-10T13:00,8.4,0,12.5
2012-03-10T14:00,8.2,0,11.7
2012-03-10T15:00,9.3,0,10
2012-03-10T16:00,16.1,0,9.4
2012-03-10T17:00,20.1,0,8
2012-03-10T18:00,22.3,0,9.1
2012-03-10T19:00,23.8,0,10.8
2012-03-10T20:00,24.8,0,13.3
2012-03-10T21:00,25.1,0,16.7
2012-03-10T22:00,24.4,0,13.9
2012-03-10T23:00,23.4,0,15.3
2012-03-11T00:00,22.2,0,14.8
2012-03-11T01:00,19.5,0,11.8
2012-03-11T02:00,17.4,0,8.6
2012-03-11T03:00,15.6,0,7.5
2012-03-11T04:00,14.3,0,7.6
2012-03-11T05:00,12.9,0,8.8
2012-03-11T06:00,11.9,0,9.5
2012-03-11T07:00,11.1,0,9.9
2012-03-11T08:00,10,0,10.5
2012-03-11T09:00,9.2,0,11.2
2012-03-11T10:00,8.9,0,12.3
2012-03-11T11:00,8.6,0,12.7
2012-03-11T12:00,8.4,0,12.5
2012-03-11T13:00,8.2,0,11.7
2012-03-11T14:00,8.2,0,10.5
2012-03-11T15:00,9.7,0,11.4
2012-03-11T16:00,11.4,0,13.4
2012-03-11T17:00,13.1,0,14.5
2012-03-11T18:00,14.4,0,13.3
2012-03-11T19:00,15.8,0,12.6
2012-03-11T20:00,17.1,0,13.4
2012-03-11T21:00,18.3,0,15.5
2012-03-11T22:00,18.3,0,14.8
2012-03-11T23:00,17.5,0,17
2012-03-12T00:00,16.3,0,14.5
2012-03-12T01:00,14.7,0,11
2012-03-12T02:00,13,0,10.3
2012-03-12T03:00,11.8,0,8.5
2012-03-12T04:00,11,0,6.3
2012-03-12T05:00,10.1,0,5.1
2012-03-12T06:00,9.4,0,4.6
2012-03-12T07:00,9.9,0,4.5
2012-03-12T08:00,9.4,0,4
2012-03-12T09:00,9,0,4.7
2012-03-12T10:00,8.7,0,6
2012-03-12T11:00,8.3,0,6
2012-03-12T12:00,7.7,0,2.8
2012-03-12T13:00,7.3,0,1.3
2012-03-12T14:00,7,0,4.5
2012-03-12T15:00,8.1,0,5.4
2012-03-12T16:00,11.1,0,5
2012-03-12T17:00,12.7,0,6.6
2012-03-12T18:00,14.4,0,7.6
2012-03-12T19:00,16.3,0,8.7
2012-03-12T20:00,17.7,0,10
2012-03-12T21:00,18.7,0,11.7
2012-03-12T22:00,19.2,0,10.7
2012-03-12T23:00,18.8,0,12.7
2012-03-13T00:00,17.9,0,13.3
2012-03-13T01:00,16.6,0,12.4
2012-03-13T02:00,14.5,0,12.8
2012-03-13T03:00,12.9,0,12.2
2012-03-13T04:00,11.8,0,10.1
2012-03-13T05:00,10.7,0,6.9
2012-03-13T06:00,9.6,0,5.8
2012-03-13T07:00,9.9,0,5.9
2012-03-13T08:00,9.2,0,6.3
2012-03-13T09:00,8.9,0,6
2012-03-13T10:00,8.5,0,6.8
2012-03-13T11:00,8.2,0,7
2012-03-13T12:00,7.9,0,4.7
2012-03-13T13:00,7,0,4
2012-03-13T14:00,5.8,0,5
2012-03-13T15:00,7.1,0,4.7
2012-03-13T16:00,11.1,0,3.7
2012-03-13T17:00,13.5,0,5.5
2012-03-13T18:00,15.7,0,7
2012-03-13T19:00,16,0,8.2
2012-03-13T20:00,17.5,0,9.4
2012-03-13T21:00,18.6,0,13.6
2012-03-13T22:00,18.9,0,12.2
2012-03-13T23:00,18.4,0,14.4
2012-03-14T00:00,17.3,0,15.8
2012-03-14T01:00,15.8,0,15.4
2012-03-14T02:00,14,0,15.5
2012-03-14T03:00,12.8,0,13.8
2012-03-14T04:00,11.8,0,10.1
2012-03-14T05:00,10.6,0,6.2
2012-03-14T06:00,9.7,0,4
2012-03-14T07:00,10.2,0,3.9
2012-03-14T08:00,10.2,0,5.4
2012-03-14T09:00,10,0,4.9
2012-03-14T10:00,9,0,5.7
2012-03-14T11:00,8.2,0,3.7
2012-03-14T12:00,7.4,0,1.3
2012-03-14T13:00,6.8,0,3.3
2012-03-14T14:00,6.7,0,5.8
2012-03-14T15:00,7.9,0,7.4
2012-03-14T16:00,12,0,5.8
2012-03-14T17:00,14.4,0,4.7
2012-03-14T18:00,16.7,0,6.8
2012-03-14T19:00,18.3,0,10.7
2012-03-14T20:00,19.3,0,15.3
2012-03-14T21:00,19.7,0,18.9
2012-03-14T22:00,19.6,0,18.2
2012-03-14T23:00,19,0,19.7
2012-03-15T00:00,18,0,19.4
2012-03-15T01:00,16.4,0,16.9
2012-03-15T02:00,14.7,0,13.8
2012-03-15T03:00,13.5,0,11.6
2012-03-15T04:00,12.5,0,9.4
2012-03-15T05:00,11.3,0,8.5
2012-03-15T06:00,10.5,0,7.7
2012-03-15T07:00,10.3,0,6.2
2012-03-15T08:00,9.6,0,3.5
2012-03-15T09:00,9.2,0,1.5
2012-03-15T10:00,9,0,4.3
2012-03-15T11:00,8.7,0,8.9
2012-03-15T12:00,8.6,0,11
2012-03-15T13:00,8.8,0,8.6
2012-03-15T14:00,9,0,4.3
2012-03-15T15:00,9.7,0,2.5
2012-03-15T16:00,12.4,0,2.8
2012-03-15T17:00,14.6,0,4.7
2012-03-15T18:00,17.2,0,7.7
2012-03-15T19:00,18.9,0,10.9
2012-03-15T20:00,19.9,0,14.3
2012-03-15T21:00,20.5,0,15.5
2012-03-15T22:00,20.6,0,11.1
2012-03-15T23:00,20.1,0,15.1
2012-03-16T00:00,18.8,0,16.6
2012-03-16T01:00,17.1,0,13.6
2012-03-16T02:00,15.4,0,10.1
2012-03-16T03:00,14.2,0,6.5
2012-03-16T04:00,13.3,0,6
2012-03-16T05:00,12.6,0,5.9
2012-03-16T06:00,11.8,0,7.7
2012-03-16T07:00,11.1,0,8.4
2012-03-16T08:00,10.2,0,7.6
2012-03-16T09:00,9.7,0,6.8
2012-03-16T10:00,9.1,0,4.3
2012-03-16T11:00,8.6,0,5.9
2012-03-16T12:00,8.5,0,8.1
2012-03-16T13:00,8.7,0,10.1
2012-03-16T14:00,8.4,0,9.4
2012-03-16T15:00,10.2,0,7.4
2012-03-16T16:00,12.4,0,6.1
2012-03-16T17:00,13.7,0,6
2012-03-16T18:00,16.2,0,6.5
2012-03-16T19:00,16.7,0,7.2
2012-03-16T20:00,17.3,0,10.5
2012-03-16T21:00,18.1,0,15.9
2012-03-16T22:00,18.3,0,11.4
2012-03-16T23:00,16.8,0,12.6
2012-03-17T00:00,15.5,0,12.2
2012-03-17T01:00,14.8,0,11
2012-03-17T02:00,13.7,0,11.6
2012-03-17T03:00,12.7,0,12
2012-03-17T04:00,12.2,0,10.4
2012-03-17T05:00,12,0,10.3
2012-03-17T06:00,11.8,0,10.9
2012-03-17T07:00,11.8,0.2,10.4
2012-03-17T08:00,11.5,0.2,10.8
2012-03-17T09:00,11.2,0.5,11.2
2012-03-17T10:00,11.1,0.5,8.6
2012-03-17T11:00,11,0.6,14.2
2012-03-17T12:00,11,0.8,19.8
2012-03-17T13:00,10.9,1.1,26
2012-03-17T14:00,10.7,1.5,32.9
2012-03-17T15:00,11,1.9,38.6
2012-03-17T16:00,11.4,2.8,40.4
2012-03-17T17:00,11.7,3.5,40.7
2012-03-17T18:00,11.9,4.8,45.4
2012-03-17T19:00,11.2,3.5,45
2012-03-17T20:00,10.2,2.1,37.2
2012-03-17T21:00,10.4,0.5,29.4
2012-03-17T22:00,10.3,0.2,27
2012-03-17T23:00,10.4,0,29.6
2012-03-18T00:00,9.9,0,30.9
2012-03-18T01:00,8.7,0.3,26.2
2012-03-18T02:00,7.8,0,20.4
2012-03-18T03:00,7,0.3,15.1
2012-03-18T04:00,6.3,0.4,11.3
2012-03-18T05:00,5.7,0.4,12.4
2012-03-18T06:00,5.7,0.2,11.6
2012-03-18T07:00,5.9,0.2,10.2
2012-03-18T08:00,5.5,0.2,9.7
2012-03-18T09:00,5.7,0.1,5.8
2012-03-18T10:00,5.5,0,5.4
2012-03-18T11:00,5.1,0,1.5
2012-03-18T12:00,4.8,0,1.4
2012-03-18T13:00,4.9,0,4.4
2012-03-18T14:00,4.3,0,6.3
2012-03-18T15:00,5.5,0,7.3
2012-03-18T16:00,6.9,0,12
2012-03-18T17:00,8.3,0,15.9
2012-03-18T18:00,9.8,0,18.4
2012-03-18T19:00,11.1,0,22.5
2012-03-18T20:00,12,0,29.1
2012-03-18T21:00,11.7,0.1,35.9
2012-03-18T22:00,12.2,0.1,32.6
2012-03-18T23:00,12,0,37.9
2012-03-19T00:00,11.2,0,37.1
2012-03-19T01:00,9.9,0,35.7
2012-03-19T02:00,8.5,0,32.7
2012-03-19T03:00,7.5,0,29.9
2012-03-19T04:00,6.7,0,25.7
2012-03-19T05:00,5.9,0,21.1
2012-03-19T06:00,5.9,0,21.2
2012-03-19T07:00,5.9,0,19.1
2012-03-19T08:00,5.9,0,15.9
2012-03-19T09:00,5.4,0,14.8
2012-03-19T10:00,4.8,0,5
2012-03-19T11:00,4.7,0,7
2012-03-19T12:00,4.2,0,4.8
2012-03-19T13:00,3.9,0,6.8
2012-03-19T14:00,3.9,0,8.5
2012-03-19T15:00,5.3,0,8.9
2012-03-19T16:00,8.2,0,4.7
2012-03-19T17:00,10.2,0,3.5
2012-03-19T18:00,11.8,0,3.1
2012-03-19T19:00,12.8,0,4.5
2012-03-19T20:00,14.1,0,7.3
2012-03-19T21:00,14.9,0,11.1
2012-03-19T22:00,15,0,8.2
2012-03-19T23:00,14.3,0,10.3
2012-03-20T00:00,12.9,0,14.5
2012-03-20T01:00,11.2,0,19.1
2012-03-20T02:00,9.9,0,17.1
2012-03-20T03:00,9.1,0,12.6
2012-03-20T04:00,7.9,0,7.7
2012-03-20T05:00,6.9,0,7.2
2012-03-20T06:00,6.2,0,5.9
2012-03-20T07:00,6.1,0,4.7
2012-03-20T08:00,5.6,0,4.5
2012-03-20T09:00,5.3,0,4.7
2012-03-20T10:00,5,0,5.6
2012-03-20T11:00,4.8,0,6.7
2012-03-20T12:00,4.5,0,6.5
2012-03-20T13:00,4.3,0,5.4
2012-03-20T14:00,4.2,0,4.9
2012-03-20T15:00,5.7,0,5
2012-03-20T16:00,10.8,0,3.9
2012-03-20T17:00,13.7,0,1.3
2012-03-20T18:00,15.7,0,1.6
2012-03-20T19:00,17.2,0,3.6
2012-03-20T20:00,18.5,0,6.7
2012-03-20T21:00,19.4,0,9.5
2012-03-20T22:00,19.8,0,8.9
2012-03-20T23:00,19.4,0,10.2
2012-03-21T00:00,18.2,0,12.2
2012-03-21T01:00,16.6,0,12.4
2012-03-21T02:00,14.8,0,13.3
2012-03-21T03:00,13.6,0,13.8
2012-03-21T04:00,12.1,0,10.7
2012-03-21T05:00,10.9,0,6.4
2012-03-21T06:00,9.8,0,2.5
2012-03-21T07:00,9.2,0,3
2012-03-21T08:00,8.6,0,3.6
2012-03-21T09:00,8.2,0,4.6
2012-03-21T10:00,7.9,0,2.2
2012-03-21T11:00,7.6,0,2.2
2012-03-21T12:00,7.2,0,4.7
2012-03-21T13:00,6.8,0,6.2
2012-03-21T14:00,6.5,0,5.4
2012-03-21T15:00,8.5,0,4.2
2012-03-21T16:00,14.8,0,3.6
2012-03-21T17:00,18.3,0,0.7
2012-03-21T18:00,20.2,0,2.8
2012-03-21T19:00,21.7,0,6.2
2012-03-21T20:00,22.8,0,9.2
2012-03-21T21:00,23.4,0,11.9
2012-03-21T22:00,23.4,0,13.1
2012-03-21T23:00,22.7,0,15.3
2012-03-22T00:00,21.4,0,16.3
2012-03-22T01:00,19.6,0,14.6
2012-03-22T02:00,17.6,0,13.1
2012-03-22T03:00,15.9,0,9
2012-03-22T04:00,14.6,0,4.6
2012-03-22T05:00,13.3,0,1.4
2012-03-22T06:00,12.2,0,1.1
2012-03-22T07:00,11.4,0,2.5
2012-03-22T08:00,11.2,0,2.9
2012-03-22T09:00,10.9,0,2.4
2012-03-22T10:00,10.7,0,4.1
2012-03-22T11:00,10.4,0,8.3
2012-03-22T12:00,9.8,0,9.5
2012-03-22T13:00,9.2,0,10.6
2012-03-22T14:00,9,0,11.1
2012-03-22T15:00,11.5,0,8.7
2012-03-22T16:00,16.2,0,5
2012-03-22T17:00,18.3,0,4.8
2012-03-22T18:00,19.8,0,6.5
2012-03-22T19:00,20.8,0,9.2
2012-03-22T20:00,21.6,0,10.6
2012-03-22T21:00,22.1,0,11.6
2012-03-22T22:00,22.2,0,10.8
2012-03-22T23:00,21.7,0,11.8
2012-03-23T00:00,20.3,0,12.5
2012-03-23T01:00,18.4,0,10.9
2012-03-23T02:00,16.5,0,9.7
2012-03-23T03:00,14.7,0,9.1
2012-03-23T04:00,13.5,0,8.7
2012-03-23T05:00,12.3,0,7.7
2012-03-23T06:00,11.3,0,7.8
2012-03-23T07:00,10.6,0,8.6
2012-03-23T08:00,10.2,0,8.4
2012-03-23T09:00,10.3,0,8.7
2012-03-23T10:00,10.4,0,10.2
2012-03-23T11:00,10.9,0,10.2
2012-03-23T12:00,10.7,0,9.7
2012-03-23T13:00,10.5,0,8.5
2012-03-23T14:00,10.3,0,8.1
2012-03-23T15:00,11.2,0,8.3
2012-03-23T16:00,12.3,0,8.3
2012-03-23T17:00,13.9,0,9
2012-03-23T18:00,15.9,0,10.9
2012-03-23T19:00,16.8,0,12.5
2012-03-23T20:00,18.2,0,13.5
2012-03-23T21:00,18.8,0,14.8
2012-03-23T22:00,18.8,0,12.8
2012-03-23T23:00,18,0,13.5
2012-03-24T00:00,17.3,0,9.4
2012-03-24T01:00,16.5,0,6.5
2012-03-24T02:00,15.2,0,7.3
2012-03-24T03:00,13.6,0,6.3
2012-03-24T04:00,12.4,0,5.9
2012-03-24T05:00,11.5,0,4.1
2012-03-24T06:00,11.5,0,3.3
2012-03-24T07:00,10.6,0,4.4
2012-03-24T08:00,10.9,0,5.8
2012-03-24T09:00,10.7,0,6
2012-03-24T10:00,10.2,0,3.4
2012-03-24T11:00,9.6,0,2
2012-03-24T12:00,8.9,0,3.1
2012-03-24T13:00,8.8,0,4.5
2012-03-24T14:00,9,0,5.1
2012-03-24T15:00,10.5,0,4.7
2012-03-24T16:00,11.9,0,6.3
2012-03-24T17:00,13.4,0,8.8
2012-03-24T18:00,14.7,0,11
2012-03-24T19:00,16.5,0,13.2
2012-03-24T20:00,17.7,0,15.8
2012-03-24T21:00,18.6,0,17.7
2012-03-24T22:00,18.4,0,16.8
2012-03-24T23:00,18,0,18.4
2012-03-25T00:00,16.8,0,17.5
2012-03-25T01:00,15.8,0,15.5
2012-03-25T02:00,13.9,0,13.3
2012-03-25T03:00,12.4,0,10.8
2012-03-25T04:00,11.3,0,8.4
2012-03-25T05:00,10.1,0,7.1
2012-03-25T06:00,9.1,0,5.8
2012-03-25T07:00,8.8,0,7.9
2012-03-25T08:00,8.2,0,13.4
2012-03-25T09:00,7.9,0,15.6
2012-03-25T10:00,7.8,0,12
2012-03-25T11:00,7.9,0,12.5
2012-03-25T12:00,8.2,0,14.5
2012-03-25T13:00,8.7,0,16.5
2012-03-25T14:00,9,0,17.6
2012-03-25T15:00,10,0,18.2
2012-03-25T16:00,11.4,0,21.9
2012-03-25T17:00,12.8,0.3,26
2012-03-25T18:00,13.7,0.7,32
2012-03-25T19:00,12,1.6,32.3
2012-03-25T20:00,11.1,2.8,32.7
2012-03-25T21:00,10.8,4.1,29.6
2012-03-25T22:00,10.7,3.8,30.4
2012-03-25T23:00,10.8,4.2,36
2012-03-26T00:00,10.3,1.5,22.5
2012-03-26T01:00,9.6,0.5,8.2
2012-03-26T02:00,8.8,0.8,4.7
2012-03-26T03:00,8.1,1.3,9.6
2012-03-26T04:00,7.8,0.6,15.4
2012-03-26T05:00,7.7,0.7,17.6
2012-03-26T06:00,8,0.7,18.9
2012-03-26T07:00,7.4,0.5,19.4
2012-03-26T08:00,7.1,0.2,18.6
2012-03-26T09:00,7.2,0,18
2012-03-26T10:00,7.5,0,15.5
2012-03-26T11:00,7.4,0,14.9
2012-03-26T12:00,7.5,0,13.6
2012-03-26T13:00,7.4,0,10.8
2012-03-26T14:00,7.2,0,9.6
2012-03-26T15:00,8.6,0,11.2
2012-03-26T16:00,10.9,0,10.1
2012-03-26T17:00,12,0,10.6
2012-03-26T18:00,13.1,0,10.7
2012-03-26T19:00,14,0,11.9
2012-03-26T20:00,14.3,0,12.8
2012-03-26T21:00,14.8,0,12.4
2012-03-26T22:00,15.1,0,11.1
2012-03-26T23:00,15,0,12
2012-03-27T00:00,15.1,0,13.1
2012-03-27T01:00,14.2,0,14.6
2012-03-27T02:00,12.5,0,14.4
2012-03-27T03:00,11,0,12
2012-03-27T04:00,9.9,0,7.9
2012-03-27T05:00,8.6,0,3.9
2012-03-27T06:00,7.7,0,1.8
2012-03-27T07:00,7.9,0,1.6
2012-03-27T08:00,7.1,0,1
2012-03-27T09:00,6.5,0,2.2
2012-03-27T10:00,6,0,3.9
2012-03-27T11:00,5.5,0,3.1
2012-03-27T12:00,5.2,0,2.1
2012-03-27T13:00,5,0,2.9
2012-03-27T14:00,5,0,6.8
2012-03-27T15:00,7.9,0,7.6
2012-03-27T16:00,11.8,0,5.9
2012-03-27T17:00,13.7,0,5.7
2012-03-27T18:00,15.1,0,7.3
2012-03-27T19:00,16.5,0,9
2012-03-27T20:00,17.2,0,12
2012-03-27T21:00,17.6,0,13.9
2012-03-27T22:00,17.6,0,14.3
2012-03-27T23:00,17.3,0,16.4
2012-03-28T00:00,16.6,0,17.1
2012-03-28T01:00,15.4,0,16.5
2012-03-28T02:00,13.6,0,16.3
2012-03-28T03:00,11.9,0,17.1
2012-03-28T04:00,10.5,0,13.7
2012-03-28T05:00,9.4,0,7.1
2012-03-28T06:00,8.9,0,2.3
2012-03-28T07:00,8.6,0,3.3
2012-03-28T08:00,8,0,5.1
2012-03-28T09:00,7.2,0,6.8
2012-03-28T10:00,6.7,0,1.5
2012-03-28T11:00,6.2,0,3.6
2012-03-28T12:00,5.9,0,2.3
2012-03-28T13:00,5.7,0,2.8
2012-03-28T14:00,5.8,0,4.6
2012-03-28T15:00,8.1,0,5.7
2012-03-28T16:00,12.4,0,4.3
2012-03-28T17:00,14.4,0,4.3
2012-03-28T18:00,15.8,0,6.3
2012-03-28T19:00,17.3,0,9
2012-03-28T20:00,18.2,0,11.6
2012-03-28T21:00,18.8,0,13.8
2012-03-28T22:00,18.9,0,14.8
2012-03-28T23:00,18.4,0,15.9
2012-03-29T00:00,17.7,0,18.5
2012-03-29T01:00,16.4,0,14.7
2012-03-29T02:00,15,0,11.1
2012-03-29T03:00,13.7,0,10.8
2012-03-29T04:00,12.6,0,6.5
2012-03-29T05:00,11.5,0,3.3
2012-03-29T06:00,10.9,0,1.8
2012-03-29T07:00,11.3,0,5.4
2012-03-29T08:00,12,0,6.1
2012-03-29T09:00,11.9,0,3.1
2012-03-29T10:00,11.9,0,2.3
2012-03-29T11:00,12,0,2.7
2012-03-29T12:00,11.9,0,4.6
2012-03-29T13:00,11.6,0,6.8
2012-03-29T14:00,11.2,0,6.9
2012-03-29T15:00,12.4,0,6.6
2012-03-29T16:00,13.6,0,4.8
2012-03-29T17:00,15.3,0,5.1
2012-03-29T18:00,16.7,0,6.5
2012-03-29T19:00,18.7,0,7.6
2012-03-29T20:00,19.7,0,11.8
2012-03-29T21:00,20,0,18.4
2012-03-29T22:00,19.6,0,15.3
2012-03-29T23:00,18.6,0,15.6
2012-03-30T00:00,17.8,0,12.3
2012-03-30T01:00,16.7,0,8.6
2012-03-30T02:00,15.6,0,8
2012-03-30T03:00,14.2,0,7.4
2012-03-30T04:00,13.1,0,7.3
2012-03-30T05:00,12.3,0,5
2012-03-30T06:00,11.8,0,6.1
2012-03-30T07:00,11.3,0,10.2
2012-03-30T08:00,10.8,0,11.8
2012-03-30T09:00,10.5,0,11
2012-03-30T10:00,10.2,0,9
2012-03-30T11:00,10,0,6.9
2012-03-30T12:00,9.5,0,8.4
2012-03-30T13:00,9.2,0,9
2012-03-30T14:00,8.9,0,9
2012-03-30T15:00,11.6,0,8.6
2012-03-30T16:00,15.6,0,7.4
2012-03-30T17:00,17.3,0,7.9
2012-03-30T18:00,18.9,0,9.6
2012-03-30T19:00,19.1,0,10.6
2012-03-30T20:00,19.8,0,11.4
2012-03-30T21:00,20.2,0,12.8
2012-03-30T22:00,20.2,0,8.9
2012-03-30T23:00,19.8,0,11.1
2012-03-31T00:00,19.1,0,12
2012-03-31T01:00,17.9,0,10.9
2012-03-31T02:00,16.2,0,10.2
2012-03-31T03:00,14.7,0,7.1
2012-03-31T04:00,13.6,0,5.6
2012-03-31T05:00,12.6,0,6
2012-03-31T06:00,12.3,0,5.2
2012-03-31T07:00,11.3,0,5.5
2012-03-31T08:00,10.6,0,6.9
2012-03-31T09:00,10.6,0,7.8
2012-03-31T10:00,10.5,0,11.3
2012-03-31T11:00,10.7,0,11.1
2012-03-31T12:00,10.5,0,9.5
2012-03-31T13:00,10.7,0,9.2
2012-03-31T14:00,10.1,0,10
2012-03-31T15:00,11.4,0,10.4
2012-03-31T16:00,12.5,0,10.5
2012-03-31T17:00,13.4,0,10.6
2012-03-31T18:00,14.1,0,12.5
2012-03-31T19:00,15.4,0.1,11.7
2012-03-31T20:00,15.5,0,10.5
2012-03-31T21:00,15.6,0,12.5
2012-03-31T22:00,16.2,0,10.9
2012-03-31T23:00,16.1,0,14.9
2012-04-01T00:00,15.3,0,15.5
2012-04-01T01:00,15,0,19.2
2012-04-01T02:00,13.7,0.1,15.6
2012-04-01T03:00,13,0.5,10.4
2012-04-01T04:00,12.3,1,14.8
2012-04-01T05:00,12.1,0.6,18.2
2012-04-01T06:00,11.8,0,23.3
2012-04-01T07:00,11,0.1,26.8
2012-04-01T08:00,10,0,26.6
2012-04-01T09:00,9.1,0,27.3
2012-04-01T10:00,8.9,0,21.7
2012-04-01T11:00,8.4,0,15.2
2012-04-01T12:00,7.9,0,10
2012-04-01T13:00,7.2,0,7.9
2012-04-01T14:00,6.4,0,6.9
2012-04-01T15:00,8.7,0,6.5
2012-04-01T16:00,10.7,0,7
2012-04-01T17:00,12.8,0,12.6
2012-04-01T18:00,14.9,0,14.7
2012-04-01T19:00,16.4,0,16.5
2012-04-01T20:00,17.8,0,19.1
2012-04-01T21:00,18.6,0,19.1
2012-04-01T22:00,19.2,0,22.2
2012-04-01T23:00,19,0,26.1
2012-04-02T00:00,18.4,0,25.3
2012-04-02T01:00,17.5,0,24.2
2012-04-02T02:00,15.8,0,26.1
2012-04-02T03:00,13.9,0,26.1
2012-04-02T04:00,12.4,0,23.1
2012-04-02T05:00,11.2,0,22.2
2012-04-02T06:00,10.4,0,20.2
2012-04-02T07:00,9.8,0,18.2
2012-04-02T08:00,9.2,0,17.3
2012-04-02T09:00,8.7,0,16.6
2012-04-02T10:00,8.2,0,13.4
2012-04-02T11:00,7.8,0,13.6
2012-04-02T12:00,7.5,0,13.9
2012-04-02T13:00,7.1,0,13.3
2012-04-02T14:00,7,0,13.4
2012-04-02T15:00,9.5,0,13.2
2012-04-02T16:00,14.4,0,9.2
2012-04-02T17:00,18,0,6.8
2012-04-02T18:00,20.5,0,9
2012-04-02T19:00,22.4,0,7.6
2012-04-02T20:00,23.6,0,6.3
2012-04-02T21:00,24.5,0,6.2
2012-04-02T22:00,24.9,0,17.6
2012-04-02T23:00,24.6,0,18.5
2012-04-03T00:00,23.6,0,20.2
2012-04-03T01:00,21.8,0,19.9
2012-04-03T02:00,19.5,0,15.7
2012-04-03T03:00,17.6,0,8.8
2012-04-03T04:00,15.6,0,3.2
2012-04-03T05:00,13.6,0,3.8
2012-04-03T06:00,11.7,0,5.7
2012-04-03T07:00,10.9,0,6.5
2012-04-03T08:00,10.5,0,5.4
2012-04-03T09:00,10,0,3.3
2012-04-03T10:00,9.3,0,8.6
2012-04-03T11:00,8.9,0,5.4
2012-04-03T12:00,8.6,0,5.6
2012-04-03T13:00,8.3,0,7.3
2012-04-03T14:00,8.3,0,9.4
2012-04-03T15:00,11.7,0,8.3
2012-04-03T16:00,18,0,6.1
2012-04-03T17:00,21.2,0,5.1
2012-04-03T18:00,22.9,0,6.2
2012-04-03T19:00,23.7,0,8.3
2012-04-03T20:00,24.7,0,11.3
2012-04-03T21:00,25.1,0,14.6
2012-04-03T22:00,24.9,0,15.3
2012-04-03T23:00,24.2,0,16.9
2012-04-04T00:00,23.1,0,15.9
2012-04-04T01:00,21.3,0,13.2
2012-04-04T02:00,19.4,0,13
2012-04-04T03:00,17.7,0,9.8
2012-04-04T04:00,16,0,3.3
2012-04-04T05:00,14.5,0,1.5
2012-04-04T06:00,13,0,4.3
2012-04-04T07:00,12,0,7.4
2012-04-04T08:00,11.4,0,9.5
2012-04-04T09:00,10.9,0,9.9
2012-04-04T10:00,10.8,0,6.5
2012-04-04T11:00,10.2,0,2.9
2012-04-04T12:00,9.3,0,3.6
2012-04-04T13:00,9,0,8.3
2012-04-04T14:00,8.5,0,9.4
2012-04-04T15:00,11.9,0,6.6
2012-04-04T16:00,16.8,0,3.9
2012-04-04T17:00,19.1,0,4.7
2012-04-04T18:00,20.9,0,6.1
2012-04-04T19:00,21.8,0,8.8
2012-04-04T20:00,22.9,0,11.6
2012-04-04T21:00,23.4,0,15.1
2012-04-04T22:00,23.1,0,12.7
2012-04-04T23:00,22.5,0,13.5
2012-04-05T00:00,21.7,0,13.5
2012-04-05T01:00,20.6,0,13.5
2012-04-05T02:00,18.9,0,12.4
2012-04-05T03:00,17.2,0,8
2012-04-05T04:00,15.4,0,2.3
2012-04-05T05:00,13.8,0,2.5
2012-04-05T06:00,12.6,0,5.4
2012-04-05T07:00,12,0,6.9
2012-04-05T08:00,11.1,0,7.8
2012-04-05T09:00,10.5,0,8.3
2012-04-05T10:00,10,0,2.3
2012-04-05T11:00,9.3,0,3.4
2012-04-05T12:00,8.5,0,4.4
2012-04-05T13:00,7.9,0,4.8
2012-04-05T14:00,7.7,0,3.8
2012-04-05T15:00,11.3,0,1.8
2012-04-05T16:00,14.3,0,2.9
2012-04-05T17:00,16.2,0,3.8
2012-04-05T18:00,17.7,0,4.4
2012-04-05T19:00,18.6,0,6.9
2012-04-05T20:00,19.6,0,12.5
2012-04-05T21:00,20,0,16.8
2012-04-05T22:00,20,0,19.1
2012-04-05T23:00,19.4,0,19.7
2012-04-06T00:00,18.5,0,18.4
2012-04-06T01:00,17.5,0,15.5
2012-04-06T02:00,15.9,0,13.8
2012-04-06T03:00,14.2,0,10.4
2012-04-06T04:00,13,0,2.9
2012-04-06T05:00,11.7,0,4.8
2012-04-06T06:00,10.5,0,6.9
2012-04-06T07:00,9.8,0,8.5
2012-04-06T08:00,9.1,0,9.5
2012-04-06T09:00,8.2,0,10.3
2012-04-06T10:00,7.4,0,11.8
2012-04-06T11:00,6.7,0,11
2012-04-06T12:00,6.1,0,7.8
2012-04-06T13:00,5.6,0,7.7
2012-04-06T14:00,5.3,0,9.8
2012-04-06T15:00,8.2,0,10.8
2012-04-06T16:00,13.1,0,7.1
2012-04-06T17:00,16.2,0,7.3
2012-04-06T18:00,18.9,0,9.2
2012-04-06T19:00,20.2,0,8.4
2012-04-06T20:00,22.2,0,6.2
2012-04-06T21:00,23.5,0,4
2012-04-06T22:00,24.3,0,2.1
2012-04-06T23:00,24.5,0,4.2
2012-04-07T00:00,24.2,0,5.4
2012-04-07T01:00,23.5,0,7.1
2012-04-07T02:00,21.6,0,9.2
2012-04-07T03:00,18.7,0,10.7
2012-04-07T04:00,15.6,0,11.1
2012-04-07T05:00,13.1,0,13
2012-04-07T06:00,12.1,0,14
2012-04-07T07:00,11.4,0,14.2
2012-04-07T08:00,10.3,0,14.2
2012-04-07T09:00,9.4,0,13.7
2012-04-07T10:00,8.7,0,12.1
2012-04-07T11:00,8.2,0,12.1
2012-04-07T12:00,7.8,0,13.4
2012-04-07T13:00,7.4,0,13.9
2012-04-07T14:00,7.3,0,13.8
2012-04-07T15:00,10.8,0,14.2
2012-04-07T16:00,17.4,0,13.4
2012-04-07T17:00,22.1,0,11
2012-04-07T18:00,25,0,11
2012-04-07T19:00,26.7,0,7.6
2012-04-07T20:00,28.2,0,5.1
2012-04-07T21:00,29.1,0,5.2
2012-04-07T22:00,29.5,0,8.6
2012-04-07T23:00,29,0,13.8
2012-04-08T00:00,27.2,0,17
2012-04-08T01:00,24.9,0,16.9
2012-04-08T02:00,22.6,0,13.6
2012-04-08T03:00,20.8,0,9
2012-04-08T04:00,17.8,0,2.1
2012-04-08T05:00,15.8,0,4.5
2012-04-08T06:00,14,0,8.2
2012-04-08T07:00,12.2,0,8.2
2012-04-08T08:00,11.1,0,5.7
2012-04-08T09:00,10.3,0,2.5
2012-04-08T10:00,9.5,0,2.7
2012-04-08T11:00,8.9,0,3.6
2012-04-08T12:00,8.2,0,2
2012-04-08T13:00,7.6,0,1.8
2012-04-08T14:00,7.4,0,3.4
2012-04-08T15:00,11.9,0,3.9
2012-04-08T16:00,19.5,0,2.5
2012-04-08T17:00,22.8,0,2.6
2012-04-08T18:00,25,0,5.8
2012-04-08T19:00,26.9,0,9.3
2012-04-08T20:00,27.6,0,13.9
2012-04-08T21:00,27.6,0,16.5
2012-04-08T22:00,27.2,0,14.6
2012-04-08T23:00,26.5,0,14.4
2012-04-09T00:00,25.7,0,13.9
2012-04-09T01:00,24.3,0,12.5
2012-04-09T02:00,22,0,11.3
2012-04-09T03:00,19.4,0,8.7
2012-04-09T04:00,17.4,0,4.4
2012-04-09T05:00,15.3,0,2.9
2012-04-09T06:00,14.2,0,3.7
2012-04-09T07:00,13.8,0,3.9
2012-04-09T08:00,12.3,0,4
2012-04-09T09:00,10.9,0,5.1
2012-04-09T10:00,9.8,0,5.9
2012-04-09T11:00,9.2,0,5.4
2012-04-09T12:00,8.7,0,4
2012-04-09T13:00,8.2,0,2.9
2012-04-09T14:00,8.2,0,3
2012-04-09T15:00,13,0,3.3
2012-04-09T16:00,19.1,0,2.3
2012-04-09T17:00,21.7,0,4.3
2012-04-09T18:00,23.7,0,6.8
2012-04-09T19:00,25.3,0,7.9
2012-04-09T20:00,26.7,0,11.8
2012-04-09T21:00,27.1,0,17.1
2012-04-09T22:00,26.2,0,17.1
2012-04-09T23:00,24.9,0,16.9
2012-04-10T00:00,23.9,0,15.1
2012-04-10T01:00,22,0,12.8
2012-04-10T02:00,19.7,0,13.4
2012-04-10T03:00,17.1,0,13.8
2012-04-10T04:00,15.1,0,11.2
2012-04-10T05:00,13.6,0,5.8
2012-04-10T06:00,12.2,0,1.1
2012-04-10T07:00,10.9,0,7.6
2012-04-10T08:00,10.1,0,9.6
2012-04-10T09:00,9.8,0,6.9
2012-04-10T10:00,9.5,0,4.1
2012-04-10T11:00,9,0,8.7
2012-04-10T12:00,8.6,0,7.4
2012-04-10T13:00,8.4,0,4.3
2012-04-10T14:00,8.1,0,6
2012-04-10T15:00,11.3,0,7.2
2012-04-10T16:00,14.5,0,4
2012-04-10T17:00,17.1,0,8.1
2012-04-10T18:00,19.1,0,11.9
2012-04-10T19:00,20.1,0,14.8
2012-04-10T20:00,20.8,0,17.6
2012-04-10T21:00,20.6,0,20.4
2012-04-10T22:00,19.8,0,17.6
2012-04-10T23:00,18.6,0,17.9
2012-04-11T00:00,17,0,17.9
2012-04-11T01:00,15.6,0,18.4
2012-04-11T02:00,13.5,0,15.6
2012-04-11T03:00,11.9,0,12.6
2012-04-11T04:00,11.1,0,14
2012-04-11T05:00,10.9,0,16.9
2012-04-11T06:00,10.7,0,18.8
2012-04-11T07:00,11.5,0.1,20.1
2012-04-11T08:00,11.2,0.7,20.2
2012-04-11T09:00,10.8,1.6,21.4
2012-04-11T10:00,10.3,2.1,22.2
2012-04-11T11:00,10.4,3.8,24.7
2012-04-11T12:00,10.5,3.1,20.7
2012-04-11T13:00,10.7,0.3,20
2012-04-11T14:00,10.5,0.3,18.9
2012-04-11T15:00,11.3,0,15.9
2012-04-11T16:00,12.7,0.1,16.6
2012-04-11T17:00,13.4,0.4,15.5
2012-04-11T18:00,15,0.3,14.7
2012-04-11T19:00,14.1,0.2,13.7
2012-04-11T20:00,15.8,0.2,15
2012-04-11T21:00,16,0.5,20.5
2012-04-11T22:00,14.5,1.9,23.3
2012-04-11T23:00,13.9,0.1,21.1
2012-04-12T00:00,13.7,0,20.4
2012-04-12T01:00,13.6,0,19.2
2012-04-12T02:00,12.9,0,17
2012-04-12T03:00,12,0,15.2
2012-04-12T04:00,11.2,0,14.8
2012-04-12T05:00,10.3,0,12.1
2012-04-12T06:00,10.3,0,11.9
2012-04-12T07:00,10.1,0.2,11.7
2012-04-12T08:00,10,0,10.2
2012-04-12T09:00,10,0,8
2012-04-12T10:00,9.9,0,10.4
2012-04-12T11:00,9.7,0,7.7
2012-04-12T12:00,9.3,0,5.8
2012-04-12T13:00,8.3,0,1.5
2012-04-12T14:00,8.1,0,5.1
2012-04-12T15:00,10.2,0,6
2012-04-12T16:00,12.1,0,5.3
2012-04-12T17:00,13.7,0,10.8
2012-04-12T18:00,14.8,0,12.6
2012-04-12T19:00,15.8,0,14.8
2012-04-12T20:00,16,0,17.4
2012-04-12T21:00,15.7,0,19.8
2012-04-12T22:00,15.7,0,18.7
2012-04-12T23:00,15.3,0,20
2012-04-13T00:00,14.5,0,19.2
2012-04-13T01:00,13.6,0,15.9
2012-04-13T02:00,12.9,0,12.5
2012-04-13T03:00,12.2,0,9.7
2012-04-13T04:00,11.8,0,6.9
2012-04-13T05:00,11.4,0.1,4.5
2012-04-13T06:00,11,0.2,3.4
2012-04-13T07:00,11.2,0,0.5
2012-04-13T08:00,11,0,3.3
2012-04-13T09:00,10.6,0,5.4
2012-04-13T10:00,10.1,0,6.2
2012-04-13T11:00,10,0,9.7
2012-04-13T12:00,10.5,0,10.1
2012-04-13T13:00,10.5,0,9.8
2012-04-13T14:00,10.4,0.3,14.6
2012-04-13T15:00,10.9,0.5,16.6
2012-04-13T16:00,11.4,0.9,22.9
2012-04-13T17:00,11.8,1.5,28.4
2012-04-13T18:00,12.3,2.6,32.6
2012-04-13T19:00,11.6,2.7,37
2012-04-13T20:00,11.8,5.1,38.9
2012-04-13T21:00,11.5,6.3,32.7
2012-04-13T22:00,10.4,2,25.2
2012-04-13T23:00,10,0.6,22
2012-04-14T00:00,9.8,0.9,26.4
2012-04-14T01:00,10.2,0.1,27
2012-04-14T02:00,9.8,0,27
2012-04-14T03:00,9,0,24.5
2012-04-14T04:00,8.3,0,24.5
2012-04-14T05:00,7.6,0,25.6
2012-04-14T06:00,7.5,0,23.9
2012-04-14T07:00,7.3,0,21.7
2012-04-14T08:00,7.2,0,21
2012-04-14T09:00,6.9,0,21.4
2012-04-14T10:00,6.8,0,19.3
2012-04-14T11:00,6.6,0,17.1
2012-04-14T12:00,6.1,0,14
2012-04-14T13:00,5.6,0,8.8
2012-04-14T14:00,5.4,0,6.9
2012-04-14T15:00,8.1,0,5.9
2012-04-14T16:00,9.8,0,9.7
2012-04-14T17:00,11.9,0,12.6
2012-04-14T18:00,13.5,0,15.1
2012-04-14T19:00,14.5,0,15.2
2012-04-14T20:00,15.5,0,15.9
2012-04-14T21:00,16.5,0,19.2
2012-04-14T22:00,16.9,0,14.8
2012-04-14T23:00,16.1,0,18.7
2012-04-15T00:00,15.5,0,17.9
2012-04-15T01:00,14.2,0,17.6
2012-04-15T02:00,13,0,12.9
2012-04-15T03:00,11.8,0,3.2
2012-04-15T04:00,10.6,0,8
2012-04-15T05:00,9.6,0,13.7
2012-04-15T06:00,8.9,0,14.8
2012-04-15T07:00,8,0,12.5
2012-04-15T08:00,7.3,0,10
2012-04-15T09:00,6.6,0,8.4
2012-04-15T10:00,6,0,10.6
2012-04-15T11:00,5.5,0,12.6
2012-04-15T12:00,5.2,0,14.1
2012-04-15T13:00,4.8,0,12.4
2012-04-15T14:00,5.1,0,10.5
2012-04-15T15:00,9.7,0,10
2012-04-15T16:00,13.3,0,8.3
2012-04-15T17:00,15.2,0,6.9
2012-04-15T18:00,16.7,0,7.4
2012-04-15T19:00,17.5,0,8.4
2012-04-15T20:00,18.5,0,10.2
2012-04-15T21:00,19.1,0,13
2012-04-15T22:00,19.3,0,12.5
2012-04-15T23:00,18.8,0,13.1
2012-04-16T00:00,18.1,0,13.1
2012-04-16T01:00,16.8,0,12.4
2012-04-16T02:00,15.4,0,10.9
2012-04-16T03:00,13.9,0,9
2012-04-16T04:00,12.6,0,4.7
2012-04-16T05:00,11.4,0,0.7
2012-04-16T06:00,10.5,0,2
2012-04-16T07:00,10.7,0,3.6
2012-04-16T08:00,9.9,0,4.2
2012-04-16T09:00,9.3,0,3.9
2012-04-16T10:00,8.7,0,4
2012-04-16T11:00,8.2,0,3.7
2012-04-16T12:00,7.9,0,3.4
2012-04-16T13:00,7.6,0,2.6
2012-04-16T14:00,8,0,2.6
2012-04-16T15:00,12.3,0,3.3
2012-04-16T16:00,17,0,2.5
2012-04-16T17:00,19.7,0,0.8
2012-04-16T18:00,21.7,0,2
2012-04-16T19:00,23.1,0,5.9
2012-04-16T20:00,23.9,0,10.1
2012-04-16T21:00,24.2,0,13.4
2012-04-16T22:00,24.1,0,13.5
2012-04-16T23:00,23.6,0,14.9
2012-04-17T00:00,22.9,0,14.2
2012-04-17T01:00,21.9,0,12.6
2012-04-17T02:00,20.1,0,12.8
2012-04-17T03:00,18.2,0,11.6
2012-04-17T04:00,16.3,0,7.6
2012-04-17T05:00,14.8,0,4.4
2012-04-17T06:00,13.4,0,3.7
2012-04-17T07:00,12.9,0,5.5
2012-04-17T08:00,12.3,0,5.8
2012-04-17T09:00,11.8,0,5.2
2012-04-17T10:00,11,0,3.7
2012-04-17T11:00,10.5,0,5
2012-04-17T12:00,10.2,0,9.7
2012-04-17T13:00,9.9,0,10.2
2012-04-17T14:00,10.3,0,7.6
2012-04-17T15:00,15,0,5.1
2012-04-17T16:00,20.5,0,1.3
2012-04-17T17:00,22.9,0,2.8
2012-04-17T18:00,24.4,0,6
2012-04-17T19:00,25.5,0,9.3
2012-04-17T20:00,26.3,0,13
2012-04-17T21:00,26.5,0,16
2012-04-17T22:00,26.2,0,14.1
2012-04-17T23:00,25.5,0,15.9
2012-04-18T00:00,24.7,0,15.4
2012-04-18T01:00,23.2,0,11.3
2012-04-18T02:00,21.7,0,7.6
2012-04-18T03:00,19.6,0,3.8
2012-04-18T04:00,17.5,0,0.5
2012-04-18T05:00,16.1,0,1.8
2012-04-18T06:00,15,0,3.1
2012-04-18T07:00,14.7,0,6.6
2012-04-18T08:00,14.1,0,6.4
2012-04-18T09:00,13.5,0,5.5
2012-04-18T10:00,12.8,0,6.3
2012-04-18T11:00,12.3,0,7.2
2012-04-18T12:00,11.8,0,7.9
2012-04-18T13:00,11.3,0,9.9
2012-04-18T14:00,11.7,0,10.6
2012-04-18T15:00,16,0,8.2
2012-04-18T16:00,19.6,0,5.8
2012-04-18T17:00,21.5,0,5.8
2012-04-18T18:00,23,0,7.4
2012-04-18T19:00,23.4,0,9.7
2012-04-18T20:00,24.2,0,11.4
2012-04-18T21:00,24.8,0,12.9
2012-04-18T22:00,24.8,0,14.3
2012-04-18T23:00,24.2,0,13.7
2012-04-19T00:00,23.3,0,11
2012-04-19T01:00,21.6,0,9.2
2012-04-19T02:00,19.9,0,8.7
2012-04-19T03:00,18.1,0,7.2
2012-04-19T04:00,16.9,0,5.5
2012-04-19T05:00,15.8,0,6.4
2012-04-19T06:00,14.8,0,9.1
2012-04-19T07:00,14.2,0,9
2012-04-19T08:00,14.1,0,7.5
2012-04-19T09:00,13.6,0,6.2
2012-04-19T10:00,13,0,4.4
2012-04-19T11:00,12.2,0,7.2
2012-04-19T12:00,11.5,0,6.8
2012-04-19T13:00,10.8,0,7
2012-04-19T14:00,11.3,0,6.3
2012-04-19T15:00,15.3,0,3.9
2012-04-19T16:00,18.9,0,5
2012-04-19T17:00,21.5,0,6.7
2012-04-19T18:00,23.7,0,7.9
2012-04-19T19:00,24.6,0,8.4
2012-04-19T20:00,25.9,0,11.5
2012-04-19T21:00,26.3,0,14.5
2012-04-19T22:00,25.6,0,11.4
2012-04-19T23:00,24.8,0,10
2012-04-20T00:00,24,0,9.8
2012-04-20T01:00,23.2,0,10.8
2012-04-20T02:00,21.6,0,10.7
2012-04-20T03:00,19.6,0,8.1
2012-04-20T04:00,18.4,0,5.4
2012-04-20T05:00,17.4,0,4
2012-04-20T06:00,16.4,0,3.3
2012-04-20T07:00,15.4,0,2.5
2012-04-20T08:00,14.3,0,1.8
2012-04-20T09:00,13.6,0,1.8
2012-04-20T10:00,13.2,0,2.3
2012-04-20T11:00,12.9,0,2.3
2012-04-20T12:00,12.6,0,3.7
2012-04-20T13:00,12.4,0,4
2012-04-20T14:00,13.1,0,2.6
2012-04-20T15:00,17.6,0,2.2
2012-04-20T16:00,23.2,0,1.1
2012-04-20T17:00,26.4,0,1.6
2012-04-20T18:00,28.5,0,4.1
2012-04-20T19:00,29.5,0,6.9
2012-04-20T20:00,30.6,0,10.7
2012-04-20T21:00,31,0,13.8
2012-04-20T22:00,30.8,0,11.6
2012-04-20T23:00,30.4,0,12.3
2012-04-21T00:00,29.6,0,12.7
2012-04-21T01:00,28.1,0,12
2012-04-21T02:00,25.5,0,9.1
2012-04-21T03:00,22.8,0,5.5
2012-04-21T04:00,20.6,0,4.7
2012-04-21T05:00,19.1,0,5.8
2012-04-21T06:00,18.7,0,5.6
2012-04-21T07:00,18,0,5
2012-04-21T08:00,17.5,0,3.6
2012-04-21T09:00,17,0,3.3
2012-04-21T10:00,16.8,0,5.3
2012-04-21T11:00,16.5,0,5.3
2012-04-21T12:00,16.2,0,5
2012-04-21T13:00,15.7,0,3.9
2012-04-21T14:00,15.3,0,2.8
2012-04-21T15:00,19.1,0,2.8
2012-04-21T16:00,23.6,0,3.3
2012-04-21T17:00,25.7,0,5.5
2012-04-21T18:00,27.2,0,8.3
2012-04-21T19:00,28.1,0,10.7
2012-04-21T20:00,28.7,0,12.5
2012-04-21T21:00,28.8,0,13.8
2012-04-21T22:00,28.8,0,13.3
2012-04-21T23:00,28.2,0,14.5
2012-04-22T00:00,26.8,0,14.6
2012-04-22T01:00,24.1,0,13.5
2012-04-22T02:00,21.3,0,12.1
2012-04-22T03:00,18.8,0,9.4
2012-04-22T04:00,17.2,0,7.2
2012-04-22T05:00,16,0,5.5
2012-04-22T06:00,15.3,0,3.8
2012-04-22T07:00,14.4,0,2.1
2012-04-22T08:00,14.1,0,1.8
2012-04-22T09:00,14,0,2.6
2012-04-22T10:00,14.3,0,5
2012-04-22T11:00,15.3,0,6.1
2012-04-22T12:00,15.4,0,3.4
2012-04-22T13:00,15.4,0,3.3
2012-04-22T14:00,15.5,0,5.1
2012-04-22T15:00,17,0,7.6
2012-04-22T16:00,19.2,0,9.2
2012-04-22T17:00,21,0,10.6
2012-04-22T18:00,22.5,0,11.2
2012-04-22T19:00,22,0,11
2012-04-22T20:00,22.9,0,11.8
2012-04-22T21:00,23.6,0,13.4
2012-04-22T22:00,22.9,0,10.3
2012-04-22T23:00,22.9,0,12.7
2012-04-23T00:00,22.6,0,13.4
2012-04-23T01:00,21.3,0,9.7
2012-04-23T02:00,19.2,0,7.8
2012-04-23T03:00,17.2,0,8.2
2012-04-23T04:00,15.8,0,9.2
2012-04-23T05:00,14.8,0,8.5
2012-04-23T06:00,14.2,0,8.2
2012-04-23T07:00,13.4,0,7.4
2012-04-23T08:00,12.2,0,6.8
2012-04-23T09:00,11.7,0,6.4
2012-04-23T10:00,11.4,0,12.1
2012-04-23T11:00,11,0,8
2012-04-23T12:00,10.9,0,4.7
2012-04-23T13:00,11.1,0,6.5
2012-04-23T14:00,11.5,0,8.8
2012-04-23T15:00,12.5,0,7.4
2012-04-23T16:00,13.8,0,7.2
2012-04-23T17:00,15.2,0,9.7
2012-04-23T18:00,17,0,12.3
2012-04-23T19:00,18.7,0,13.8
2012-04-23T20:00,19.1,0,15.3
2012-04-23T21:00,19.3,0,16.6
2012-04-23T22:00,19.2,0,14.4
2012-04-23T23:00,19.3,0,13.7
2012-04-24T00:00,18.5,0,14.1
2012-04-24T01:00,17.3,0,12.8
2012-04-24T02:00,15.5,0,10.7
2012-04-24T03:00,14,0,6.4
2012-04-24T04:00,13.2,0,3.3
2012-04-24T05:00,12.5,0,2.5
2012-04-24T06:00,11.7,0,2.9
2012-04-24T07:00,11.6,0,4.2
2012-04-24T08:00,11.8,0,3.8
2012-04-24T09:00,11.8,0,0.8
2012-04-24T10:00,11.5,0,6.6
2012-04-24T11:00,10.7,0,3.8
2012-04-24T12:00,10.4,0,3.4
2012-04-24T13:00,9.9,0,4.8
2012-04-24T14:00,10.3,0,7.2
2012-04-24T15:00,13.1,0,3.7
2012-04-24T16:00,15.5,0,1.6
2012-04-24T17:00,17.3,0,6.6
2012-04-24T18:00,18.9,0,7.3
2012-04-24T19:00,21.5,0,12.5
2012-04-24T20:00,21.9,0,15.4
2012-04-24T21:00,21.7,0,10
2012-04-24T22:00,22.7,0,7.1
2012-04-24T23:00,22.7,0,6
2012-04-25T00:00,22,0,11.3
2012-04-25T01:00,20.2,0,11.9
2012-04-25T02:00,18.3,0,10.6
2012-04-25T03:00,17,0,22.6
2012-04-25T04:00,16,0,17.4
2012-04-25T05:00,15,0,8.7
2012-04-25T06:00,14.5,0,8.2
2012-04-25T07:00,14.7,0,10.1
2012-04-25T08:00,14.5,0,6.5
2012-04-25T09:00,14.3,0,7.9
2012-04-25T10:00,13.9,0,9
2012-04-25T11:00,13.8,0,9.4
2012-04-25T12:00,13.8,0,5.4
2012-04-25T13:00,13.4,0,6.8
2012-04-25T14:00,14,0,12.1
2012-04-25T15:00,16.7,0,8.3
2012-04-25T16:00,20.7,0,3.8
2012-04-25T17:00,24,0,5.4
2012-04-25T18:00,25.8,0,7
2012-04-25T19:00,26.9,0,3.8
2012-04-25T20:00,28.5,0,4.6
2012-04-25T21:00,29,0,6.4
2012-04-25T22:00,28.5,0,7.2
2012-04-25T23:00,27,0,22.2
2012-04-26T00:00,23.5,0,36.7
2012-04-26T01:00,20.4,0,18.3
2012-04-26T02:00,17.7,0,8.5
2012-04-26T03:00,16.3,0,7.4
2012-04-26T04:00,15.7,0,13.8
2012-04-26T05:00,15.5,0.1,16.4
2012-04-26T06:00,15.5,0.3,15.3
2012-04-26T07:00,14,4,11.4
2012-04-26T08:00,13.7,2.8,6.6
2012-04-26T09:00,13.7,1.5,12.6
2012-04-26T10:00,13.5,0.5,7.2
2012-04-26T11:00,13.4,0.4,6.5
2012-04-26T12:00,13.3,0.9,7.8
2012-04-26T13:00,13.2,0.2,6.6
2012-04-26T14:00,13.5,0,7.7
2012-04-26T15:00,14.2,0,12.7
2012-04-26T16:00,15.1,0.1,14.8
2012-04-26T17:00,16.4,0.2,11.3
2012-04-26T18:00,17.2,0.2,10.8
2012-04-26T19:00,16.2,0,9.3
2012-04-26T20:00,16.8,0.1,11.4
2012-04-26T21:00,17.3,0.1,14.4
2012-04-26T22:00,17.4,0,14.5
2012-04-26T23:00,17.3,0,16.1
2012-04-27T00:00,16.6,0,13.4
2012-04-27T01:00,16.2,0,10.7
2012-04-27T02:00,15.4,0,9.1
2012-04-27T03:00,14.6,0,9.8
2012-04-27T04:00,14.1,0,9.1
2012-04-27T05:00,13.4,0,7.9
2012-04-27T06:00,13,0,9.5
2012-04-27T07:00,12.7,0,10
2012-04-27T08:00,12.6,0,9.9
2012-04-27T09:00,12.5,0,9.8
2012-04-27T10:00,12.7,0,6.4
2012-04-27T11:00,12.6,0,4.7
2012-04-27T12:00,12.6,0,2.5
2012-04-27T13:00,12.5,0,2.1
2012-04-27T14:00,12.9,0,3.7
2012-04-27T15:00,14.3,0,2.2
2012-04-27T16:00,15.9,0,2.4
2012-04-27T17:00,17.8,0,3.5
2012-04-27T18:00,19.6,0,4.5
2012-04-27T19:00,21.5,0,6.2
2012-04-27T20:00,22.6,0,11.1
2012-04-27T21:00,22.8,0,16.7
2012-04-27T22:00,21.7,0,14.5
2012-04-27T23:00,20.5,0,14.5
2012-04-28T00:00,19.8,0,16.1
2012-04-28T01:00,18.6,0,16.5
2012-04-28T02:00,17.4,0,13.7
2012-04-28T03:00,16.1,0,8.7
2012-04-28T04:00,15.2,0,3.1
2012-04-28T05:00,14.3,0,2.8
2012-04-28T06:00,13.4,0,5.7
2012-04-28T07:00,12.8,0,5.8
2012-04-28T08:00,12.2,0,4.7
2012-04-28T09:00,11.5,0,2.5
2012-04-28T10:00,11.1,0,1.8
2012-04-28T11:00,10.7,0,5
2012-04-28T12:00,10.5,0,6.4
2012-04-28T13:00,10.3,0,5.9
2012-04-28T14:00,11.1,0,3.1
2012-04-28T15:00,15.5,0,0.4
2012-04-28T16:00,19.4,0,2.4
2012-04-28T17:00,22.2,0,4.1
2012-04-28T18:00,24.5,0,5.1
2012-04-28T19:00,25.6,0,5.9
2012-04-28T20:00,26.9,0,10
2012-04-28T21:00,27.1,0,15.4
2012-04-28T22:00,26.3,0,13.6
2012-04-28T23:00,25.2,0,13
2012-04-29T00:00,24.2,0,12.9
2012-04-29T01:00,23.1,0,12
2012-04-29T02:00,21.3,0,11
2012-04-29T03:00,19.2,0,9.8
2012-04-29T04:00,17.6,0,12.2
2012-04-29T05:00,16.5,0,14.1
2012-04-29T06:00,15.4,0,13.8
2012-04-29T07:00,14.8,0,12
2012-04-29T08:00,14.6,0,10.5
2012-04-29T09:00,14.4,0,9.1
2012-04-29T10:00,14,0,9.7
2012-04-29T11:00,13.4,0,6.4
2012-04-29T12:00,12.6,0,6.7
2012-04-29T13:00,11.6,0,8.2
2012-04-29T14:00,12.4,0,8.6
2012-04-29T15:00,16.9,0,8.9
2012-04-29T16:00,19.7,0,8.4
2012-04-29T17:00,21.5,0,7.8
2012-04-29T18:00,22.9,0,8
2012-04-29T19:00,23.8,0,9.5
2012-04-29T20:00,24.5,0,12.1
2012-04-29T21:00,24.6,0,14.1
2012-04-29T22:00,24.2,0,12.9
2012-04-29T23:00,23.7,0,11.6
2012-04-30T00:00,23,0,11.8
2012-04-30T01:00,21.6,0,12
2012-04-30T02:00,19.7,0,12
2012-04-30T03:00,17.4,0,11.2
2012-04-30T04:00,16.1,0,9.2
2012-04-30T05:00,15,0,7.3
2012-04-30T06:00,14.1,0,6.5
2012-04-30T07:00,14,0,5.8
2012-04-30T08:00,14.1,0,4.7
2012-04-30T09:00,14,0,3.7
2012-04-30T10:00,13.8,0,4.7
2012-04-30T11:00,13.4,0,3.3
2012-04-30T12:00,13.3,0,2.1
2012-04-30T13:00,13.6,0,2.3
2012-04-30T14:00,14.6,0,3.3
2012-04-30T15:00,16.7,0,4.7
2012-04-30T16:00,18.9,0,7.2
2012-04-30T17:00,20.8,0,9.9
2012-04-30T18:00,22.2,0,11.7
2012-04-30T19:00,22.6,0,12.7
2012-04-30T20:00,23.1,0,14.3
2012-04-30T21:00,23.3,0,15.8
2012-04-30T22:00,23.1,0,11.6
2012-04-30T23:00,22.3,0,13.4
2012-05-01T00:00,21.1,0,13.1
2012-05-01T01:00,19.6,0,12.1
2012-05-01T02:00,17.5,0,11.4
2012-05-01T03:00,15.6,0,9.8
2012-05-01T04:00,14.4,0,8.4
2012-05-01T05:00,13.7,0,7.7
2012-05-01T06:00,13.4,0,4.8
2012-05-01T07:00,13.3,0,4.1
2012-05-01T08:00,12.9,0,4.6
2012-05-01T09:00,12.6,0,5.1
2012-05-01T10:00,12.5,0,7.5
2012-05-01T11:00,12,0,7.6
2012-05-01T12:00,11.8,0,5.4
2012-05-01T13:00,11.8,0,3.8
2012-05-01T14:00,12.1,0,4.4
2012-05-01T15:00,13,0,7.2
2012-05-01T16:00,14.3,0,9.7
2012-05-01T17:00,15.6,0,10.8
2012-05-01T18:00,16.8,0,11.5
2012-05-01T19:00,18.1,0,13
2012-05-01T20:00,18.1,0,13.5
2012-05-01T21:00,17.8,0,14.2
2012-05-01T22:00,18.3,0,13
2012-05-01T23:00,18,0,12.1
2012-05-02T00:00,17.7,0,9.7
2012-05-02T01:00,16.9,0,8.9
2012-05-02T02:00,15.8,0,9.2
2012-05-02T03:00,14.6,0,9.2
2012-05-02T04:00,13.8,0,7.6
2012-05-02T05:00,13.3,0,6.4
2012-05-02T06:00,13.2,0,6
2012-05-02T07:00,13,0.1,6.4
2012-05-02T08:00,12.9,0,6.8
2012-05-02T09:00,12.7,0,6.5
2012-05-02T10:00,12.6,0,8.1
2012-05-02T11:00,12.4,0,7.4
2012-05-02T12:00,12.4,0,5.7
2012-05-02T13:00,12.4,0,3.2
2012-05-02T14:00,12.4,0,3.9
2012-05-02T15:00,12.8,0,7.4
2012-05-02T16:00,13.3,0.1,10.2
2012-05-02T17:00,14.6,0.2,10.1
2012-05-02T18:00,15.5,0,10.1
2012-05-02T19:00,16.1,0,10.8
2012-05-02T20:00,17,0,10.4
2012-05-02T21:00,17.5,0,11.2
2012-05-02T22:00,17.9,0,9.7
2012-05-02T23:00,17.9,0,12.6
2012-05-03T00:00,17.6,0,12.1
2012-05-03T01:00,16.9,0,12.1
2012-05-03T02:00,15.7,0,10.5
2012-05-03T03:00,14.5,0,8.3
2012-05-03T04:00,13.8,0,6.2
2012-05-03T05:00,13.3,0,4.3
2012-05-03T06:00,13.1,0,3
2012-05-03T07:00,13.3,0,1.8
2012-05-03T08:00,13.3,0,0.7
2012-05-03T09:00,13.2,0,1.3
2012-05-03T10:00,12.8,0,6
2012-05-03T11:00,12.3,0,7.2
2012-05-03T12:00,12,0,6.4
2012-05-03T13:00,11.8,0,5.8
2012-05-03T14:00,12.3,0,5
2012-05-03T15:00,13.3,0,5.5
2012-05-03T16:00,15,0,6.6
2012-05-03T17:00,16.1,0,7.6
2012-05-03T18:00,17.6,0,9
2012-05-03T19:00,19,0,11.1
2012-05-03T20:00,18.7,0,13.3
2012-05-03T21:00,19.6,0,16
2012-05-03T22:00,19.9,0,11.2
2012-05-03T23:00,19.9,0,12.1
2012-05-04T00:00,19.4,0,11.6
2012-05-04T01:00,18.4,0,13.3
2012-05-04T02:00,17,0,13.2
2012-05-04T03:00,15.4,0,12.6
2012-05-04T04:00,14.3,0,9.8
2012-05-04T05:00,13.3,0,5.8
2012-05-04T06:00,12.3,0,1.5
2012-05-04T07:00,12.3,0,3.1
2012-05-04T08:00,11.5,0,4.8
2012-05-04T09:00,10.7,0,5.6
2012-05-04T10:00,10.2,0,5.9
2012-05-04T11:00,9.8,0,5.7
2012-05-04T12:00,9.5,0,4.5
2012-05-04T13:00,9.2,0,5.1
2012-05-04T14:00,10.6,0,5.8
2012-05-04T15:00,14,0,5.9
2012-05-04T16:00,15.8,0,6.7
2012-05-04T17:00,17.9,0,8.8
2012-05-04T18:00,19.6,0,11.2
2012-05-04T19:00,20.3,0,12.3
2012-05-04T20:00,21.5,0,13.2
2012-05-04T21:00,22.1,0,15.1
2012-05-04T22:00,22.2,0,10.5
2012-05-04T23:00,22,0,12.5
2012-05-05T00:00,21,0,12.8
2012-05-05T01:00,20.2,0,13
2012-05-05T02:00,18.9,0,13.4
2012-05-05T03:00,17.4,0,13
2012-05-05T04:00,16.2,0,9.7
2012-05-05T05:00,15,0,5.5
2012-05-05T06:00,13.8,0,2.2
2012-05-05T07:00,13.2,0,1.4
2012-05-05T08:00,12.4,0,2.8
2012-05-05T09:00,11.5,0,4.3
2012-05-05T10:00,10.8,0,7.8
2012-05-05T11:00,10.2,0,10.4
2012-05-05T12:00,9.8,0,9.2
2012-05-05T13:00,9.5,0,6.8
2012-05-05T14:00,10.9,0,6.4
2012-05-05T15:00,15.6,0,4.6
2012-05-05T16:00,18.6,0,4.6
2012-05-05T17:00,21,0,4.9
2012-05-05T18:00,23.3,0,5.5
2012-05-05T19:00,24.8,0,9
2012-05-05T20:00,26,0,13.4
2012-05-05T21:00,26.1,0,18
2012-05-05T22:00,24.8,0,15.4
2012-05-05T23:00,23.7,0,15
2012-05-06T00:00,22.9,0,15.3
2012-05-06T01:00,21.7,0,13.8
2012-05-06T02:00,20.1,0,10.2
2012-05-06T03:00,18.2,0,6.7
2012-05-06T04:00,16.8,0,4.6
2012-05-06T05:00,15.7,0,5.4
2012-05-06T06:00,14.7,0,7.2
2012-05-06T07:00,13.6,0,7.2
2012-05-06T08:00,13,0,6.3
2012-05-06T09:00,12.5,0,5
2012-05-06T10:00,11.8,0,6.2
2012-05-06T11:00,11,0,7.9
2012-05-06T12:00,10.3,0,7.7
2012-05-06T13:00,10,0,9.2
2012-05-06T14:00,11.7,0,10.2
2012-05-06T15:00,16.3,0,9.5
2012-05-06T16:00,18.8,0,8.6
2012-05-06T17:00,21,0,7.6
2012-05-06T18:00,23,0,8.7
2012-05-06T19:00,24.3,0,11.9
2012-05-06T20:00,24.8,0,15.8
2012-05-06T21:00,24.6,0,18.3
2012-05-06T22:00,24.1,0,14.3
2012-05-06T23:00,23.5,0,13.1
2012-05-07T00:00,22.5,0,13.8
2012-05-07T01:00,21.2,0,15.4
2012-05-07T02:00,19.4,0,13.5
2012-05-07T03:00,17.6,0,9
2012-05-07T04:00,16.6,0,4.7
2012-05-07T05:00,15.6,0,3.4
2012-05-07T06:00,14.6,0,3.1
2012-05-07T07:00,14.1,0,2.8
2012-05-07T08:00,13.4,0,1.8
2012-05-07T09:00,12.7,0,2.9
2012-05-07T10:00,12.1,0,1.3
2012-05-07T11:00,12.1,0,2.6
2012-05-07T12:00,11.8,0,3.1
2012-05-07T13:00,11.7,0,2.9
2012-05-07T14:00,12.8,0,2.7
2012-05-07T15:00,17.4,0,2.5
2012-05-07T16:00,20.5,0,6
2012-05-07T17:00,23.2,0,6.9
2012-05-07T18:00,25.6,0,7.7
2012-05-07T19:00,26.5,0,10
2012-05-07T20:00,27.6,0,14.4
2012-05-07T21:00,27.9,0,18.8
2012-05-07T22:00,27.4,0,17.8
2012-05-07T23:00,26.5,0,18.1
2012-05-08T00:00,25.8,0,18.1
2012-05-08T01:00,25.1,0,15.5
2012-05-08T02:00,23,0,11.6
2012-05-08T03:00,20.7,0,8.3
2012-05-08T04:00,19.2,0,4.2
2012-05-08T05:00,17.8,0,7.3
2012-05-08T06:00,16.7,0,10.5
2012-05-08T07:00,15.7,0,13.2
2012-05-08T08:00,14.6,0,10.4
2012-05-08T09:00,13.7,0,7.2
2012-05-08T10:00,12.9,0,8
2012-05-08T11:00,12.3,0,2.9
2012-05-08T12:00,11.8,0,2.2
2012-05-08T13:00,11.5,0,1.8
2012-05-08T14:00,13.2,0,0.5
2012-05-08T15:00,18.7,0,2.8
2012-05-08T16:00,23.8,0,4.3
2012-05-08T17:00,27.1,0,6.1
2012-05-08T18:00,29.7,0,7.8
2012-05-08T19:00,30.3,0,10.4
2012-05-08T20:00,31.8,0,13.9
2012-05-08T21:00,32.8,0,16.5
2012-05-08T22:00,33.3,0,17.7
2012-05-08T23:00,33.2,0,15.1
2012-05-09T00:00,32,0,16.4
2012-05-09T01:00,30.7,0,15.1
2012-05-09T02:00,28.6,0,11
2012-05-09T03:00,25.6,0,4.8
2012-05-09T04:00,23.7,0,6.2
2012-05-09T05:00,21.8,0,11.9
2012-05-09T06:00,20.1,0,10.6
2012-05-09T07:00,17.7,0,7.4
2012-05-09T08:00,16.7,0,4.3
2012-05-09T09:00,15.7,0,2.2
2012-05-09T10:00,14.8,0,9.4
2012-05-09T11:00,14.3,0,6.4
2012-05-09T12:00,13.8,0,5.2
2012-05-09T13:00,13.4,0,3.1
2012-05-09T14:00,15,0,2.3
2012-05-09T15:00,20.6,0,0.5
2012-05-09T16:00,25.4,0,2.6
2012-05-09T17:00,27.9,0,5.6
2012-05-09T18:00,29.9,0,9.2
2012-05-09T19:00,30.1,0,12.2
2012-05-09T20:00,30.8,0,15.5
2012-05-09T21:00,30.8,0,17.8
2012-05-09T22:00,30.6,0,15.6
2012-05-09T23:00,30.2,0,14.5
2012-05-10T00:00,29.5,0,14.5
2012-05-10T01:00,27.4,0,13.3
2012-05-10T02:00,24.9,0,11.7
2012-05-10T03:00,22.2,0,9.4
2012-05-10T04:00,20.3,0,11.3
2012-05-10T05:00,18.9,0,16.6
2012-05-10T06:00,18,0,16.8
2012-05-10T07:00,16.5,0,13
2012-05-10T08:00,15.8,0,12
2012-05-10T09:00,15.5,0,13
2012-05-10T10:00,14.9,0,16.4
2012-05-10T11:00,14.7,0,15.8
2012-05-10T12:00,14.3,0,13.2
2012-05-10T13:00,14.1,0,14.8
2012-05-10T14:00,15.7,0,13.5
2012-05-10T15:00,18.4,0,10.8
2012-05-10T16:00,20.6,0,11.3
2012-05-10T17:00,22.6,0,13
2012-05-10T18:00,24,0,13
2012-05-10T19:00,23.7,0,13.8
2012-05-10T20:00,24.5,0,15.9
2012-05-10T21:00,24.7,0,17.7
2012-05-10T22:00,24.1,0,13.4
2012-05-10T23:00,23.3,0,13.7
2012-05-11T00:00,22.5,0,12.2
2012-05-11T01:00,21.2,0,11.7
2012-05-11T02:00,19,0,11.1
2012-05-11T03:00,16.8,0,10.8
2012-05-11T04:00,15.5,0,8.5
2012-05-11T05:00,14.7,0,5.8
2012-05-11T06:00,13.9,0,6.3
2012-05-11T07:00,13.2,0,6.3
2012-05-11T08:00,13,0,5.8
2012-05-11T09:00,12.6,0,5.4
2012-05-11T10:00,12.2,0,1.1
2012-05-11T11:00,11.7,0,5.5
2012-05-11T12:00,11.3,0,7.1
2012-05-11T13:00,10.7,0,7
2012-05-11T14:00,12.6,0,7.1
2012-05-11T15:00,15.1,0,7.2
2012-05-11T16:00,17.3,0,7.9
2012-05-11T17:00,19.2,0,9.4
2012-05-11T18:00,21.1,0,11
2012-05-11T19:00,21.7,0,12.4
2012-05-11T20:00,22.7,0,13.1
2012-05-11T21:00,23.3,0,13.6
2012-05-11T22:00,23.7,0,9.2
2012-05-11T23:00,23.5,0,10.9
2012-05-12T00:00,22.4,0,13.5
2012-05-12T01:00,20.8,0,14
2012-05-12T02:00,19.3,0,11.7
2012-05-12T03:00,17.6,0,10.5
2012-05-12T04:00,16.4,0,8.9
2012-05-12T05:00,15.3,0,6.4
2012-05-12T06:00,14.7,0,4.8
2012-05-12T07:00,14,0,3.3
2012-05-12T08:00,13.3,0,1.3
2012-05-12T09:00,12.6,0,0.8
2012-05-12T10:00,12.3,0,2.8
2012-05-12T11:00,12,0,5.2
2012-05-12T12:00,11.7,0,5.8
2012-05-12T13:00,11.6,0,6.2
2012-05-12T14:00,13.2,0,6.7
2012-05-12T15:00,16.8,0,7.4
2012-05-12T16:00,18.7,0,7.3
2012-05-12T17:00,20.9,0,8
2012-05-12T18:00,23.2,0,9.3
2012-05-12T19:00,23.9,0,11.5
2012-05-12T20:00,24.7,0,13
2012-05-12T21:00,25.4,0,14.8
2012-05-12T22:00,25.4,0,14.2
2012-05-12T23:00,25.1,0,15
2012-05-13T00:00,24.5,0,13
2012-05-13T01:00,23.4,0,11.7
2012-05-13T02:00,21.4,0,11.5
2012-05-13T03:00,19.3,0,11.9
2012-05-13T04:00,17.6,0,8.9
2012-05-13T05:00,16.5,0,5.2
2012-05-13T06:00,15.6,0,3.3
2012-05-13T07:00,14.5,0,2.4
2012-05-13T08:00,13.7,0,2.4
2012-05-13T09:00,13.3,0,0.8
2012-05-13T10:00,12.6,0,4.7
2012-05-13T11:00,12.2,0,5.4
2012-05-13T12:00,11.9,0,8.1
2012-05-13T13:00,11.8,0,9.1
2012-05-13T14:00,13.5,0,7.3
2012-05-13T15:00,17.6,0,6
2012-05-13T16:00,20,0,7.2
2012-05-13T17:00,22.1,0,7.2
2012-05-13T18:00,24.2,0,6.9
2012-05-13T19:00,24.8,0,9.7
2012-05-13T20:00,26.2,0,13.1
2012-05-13T21:00,26.9,0,15.5
2012-05-13T22:00,26.9,0,14.3
2012-05-13T23:00,26.2,0,16
2012-05-14T00:00,25.3,0,15.8
2012-05-14T01:00,24,0,14.8
2012-05-14T02:00,22,0,11.8
2012-05-14T03:00,19.7,0,10.3
2012-05-14T04:00,18,0,7.6
2012-05-14T05:00,16.7,0,4.3
2012-05-14T06:00,15.8,0,3.3
2012-05-14T07:00,15.5,0,4.7
2012-05-14T08:00,15.6,0,5.2
2012-05-14T09:00,15.1,0,3.4
2012-05-14T10:00,14.4,0,6.6
2012-05-14T11:00,14.3,0,8.4
2012-05-14T12:00,14.6,0,8.9
2012-05-14T13:00,14.8,0,8.2
2012-05-14T14:00,15.3,0,8.3
2012-05-14T15:00,17.7,0,5.6
2012-05-14T16:00,20.3,0,5.4
2012-05-14T17:00,22.6,0,6.3
2012-05-14T18:00,24.4,0,7.8
2012-05-14T19:00,25.6,0,10
2012-05-14T20:00,26.9,0,13.8
2012-05-14T21:00,27.4,0,16.9
2012-05-14T22:00,27.4,0,15.6
2012-05-14T23:00,27,0,16.1
2012-05-15T00:00,26.2,0,15.5
2012-05-15T01:00,24.7,0,15.8
2012-05-15T02:00,22.5,0,14.7
2012-05-15T03:00,20,0,12.6
2012-05-15T04:00,18,0,6.4
2012-05-15T05:00,16.5,0,4
2012-05-15T06:00,15.2,0,6.8
2012-05-15T07:00,14.9,0,6.5
2012-05-15T08:00,14,0,5.2
2012-05-15T09:00,13.5,0,5.7
2012-05-15T10:00,12.7,0,7
2012-05-15T11:00,12.2,0,7.4
2012-05-15T12:00,11.9,0,7.7
2012-05-15T13:00,11.8,0,10
2012-05-15T14:00,13.3,0,11
2012-05-15T15:00,16.6,0,7.8
2012-05-15T16:00,18.7,0,6.9
2012-05-15T17:00,21.1,0,8
2012-05-15T18:00,23.3,0,9.6
2012-05-15T19:00,24.2,0,10.7
2012-05-15T20:00,25.5,0,13.4
2012-05-15T21:00,26.4,0,16.1
2012-05-15T22:00,26.6,0,12.5
2012-05-15T23:00,26.1,0,13.9
2012-05-16T00:00,25.5,0,14.3
2012-05-16T01:00,24.5,0,14.8
2012-05-16T02:00,22.9,0,12
2012-05-16T03:00,20.9,0,7.7
2012-05-16T04:00,19.5,0,4.3
2012-05-16T05:00,18.6,0,6
2012-05-16T06:00,17.5,0,6.4
2012-05-16T07:00,15.9,0,6.4
2012-05-16T08:00,15.6,0,5.2
2012-05-16T09:00,15.1,0,3.6
2012-05-16T10:00,14.6,0,3.7
2012-05-16T11:00,13.7,0,5.7
2012-05-16T12:00,13.1,0,7.9
2012-05-16T13:00,12.6,0,9.2
2012-05-16T14:00,14.3,0,8.9
2012-05-16T15:00,20,0,6.8
2012-05-16T16:00,23.6,0,8
2012-05-16T17:00,26.1,0,9.5
2012-05-16T18:00,28.2,0,9.9
2012-05-16T19:00,28.3,0,10
2012-05-16T20:00,29.7,0,12.2
2012-05-16T21:00,30.4,0,14.5
2012-05-16T22:00,30.5,0,10.3
2012-05-16T23:00,30.1,0,11.3
2012-05-17T00:00,29.3,0,11.7
2012-05-17T01:00,27.9,0,13.3
2012-05-17T02:00,25.8,0,13.2
2012-05-17T03:00,23.5,0,7
2012-05-17T04:00,22.3,0,5.7
2012-05-17T05:00,21.3,0,7.1
2012-05-17T06:00,20.9,0,7.3
2012-05-17T07:00,18.7,0,7.4
2012-05-17T08:00,18.7,0,7
2012-05-17T09:00,18.4,0,5.6
2012-05-17T10:00,18,0,8.2
2012-05-17T11:00,17.3,0,11.7
2012-05-17T12:00,17.7,0,11.2
2012-05-17T13:00,17.4,0,10.7
2012-05-17T14:00,17.9,0,10
2012-05-17T15:00,20.3,0,7.8
2012-05-17T16:00,22.9,0,8.3
2012-05-17T17:00,25.1,0,10.1
2012-05-17T18:00,26.5,0,10.9
2012-05-17T19:00,26,0,12.2
2012-05-17T20:00,26.8,0,13.8
2012-05-17T21:00,27.1,0,15.4
2012-05-17T22:00,26.8,0,13.8
2012-05-17T23:00,26.1,0,14.8
2012-05-18T00:00,25,0,14.3
2012-05-18T01:00,23.5,0,12.6
2012-05-18T02:00,21.1,0,12.4
2012-05-18T03:00,18.9,0,11.3
2012-05-18T04:00,17.4,0,12
2012-05-18T05:00,16.6,0,12.6
2012-05-18T06:00,15.7,0,14.5
2012-05-18T07:00,14.1,0,14.8
2012-05-18T08:00,14,0,14.6
2012-05-18T09:00,13.8,0,16.2
2012-05-18T10:00,13.7,0,14.6
2012-05-18T11:00,13.6,0,11.4
2012-05-18T12:00,13,0,9.7
2012-05-18T13:00,12.7,0,8.4
2012-05-18T14:00,13.7,0,6.2
2012-05-18T15:00,15.2,0,5.8
2012-05-18T16:00,17,0,6.1
2012-05-18T17:00,19.2,0,7.2
2012-05-18T18:00,21.1,0,10.5
2012-05-18T19:00,22.7,0,11.2
2012-05-18T20:00,23.8,0,15.2
2012-05-18T21:00,24.4,0,18.3
2012-05-18T22:00,24,0,12.4
2012-05-18T23:00,23.4,0,11.5
2012-05-19T00:00,22.8,0,12.7
2012-05-19T01:00,21.9,0,15.2
2012-05-19T02:00,20.1,0,15.6
2012-05-19T03:00,18.2,0,12.3
2012-05-19T04:00,16.9,0,8.3
2012-05-19T05:00,15.9,0,8.5
2012-05-19T06:00,15.1,0,9.7
2012-05-19T07:00,14,0,9.4
2012-05-19T08:00,14,0,8.7
2012-05-19T09:00,13.9,0,7.6
2012-05-19T10:00,13.8,0,5.1
2012-05-19T11:00,13.9,0,5.2
2012-05-19T12:00,13.7,0,6.5
2012-05-19T13:00,13.5,0,7.4
2012-05-19T14:00,14.2,0,6.3
2012-05-19T15:00,16.5,0,5.6
2012-05-19T16:00,19.4,0,7.3
2012-05-19T17:00,21.9,0,8.2
2012-05-19T18:00,23.8,0,9.2
2012-05-19T19:00,24.4,0,10.3
2012-05-19T20:00,25.8,0,11.9
2012-05-19T21:00,26.7,0,13.6
2012-05-19T22:00,27.2,0,11.5
2012-05-19T23:00,27.1,0,11.6
2012-05-20T00:00,26.6,0,13.1
2012-05-20T01:00,25.6,0,14.1
2012-05-20T02:00,23.6,0,13
2012-05-20T03:00,21.1,0,11.1
2012-05-20T04:00,19.3,0,8
2012-05-20T05:00,18,0,6.9
2012-05-20T06:00,16.9,0,6.8
2012-05-20T07:00,16,0,5.4
2012-05-20T08:00,15.4,0,3.6
2012-05-20T09:00,15.4,0,2.7
2012-05-20T10:00,14.9,0,4.4
2012-05-20T11:00,14.6,0,5.4
2012-05-20T12:00,14.2,0,6
2012-05-20T13:00,13.9,0,6.1
2012-05-20T14:00,15.7,0,5.5
2012-05-20T15:00,20.7,0,4.3
2012-05-20T16:00,24.1,0,6
2012-05-20T17:00,26.5,0,7.7
2012-05-20T18:00,28.5,0,9.2
2012-05-20T19:00,28.8,0,10
2012-05-20T20:00,30.1,0,11.4
2012-05-20T21:00,31.1,0,13.5
2012-05-20T22:00,31.8,0,10.1
2012-05-20T23:00,31.8,0,12.1
2012-05-21T00:00,30.9,0,15.3
2012-05-21T01:00,29.3,0,16.4
2012-05-21T02:00,26.9,0,12.2
2012-05-21T03:00,24.1,0,7
2012-05-21T04:00,22.1,0,6.8
2012-05-21T05:00,20.7,0,8.4
2012-05-21T06:00,19.6,0,7.7
2012-05-21T07:00,18.5,0,6.7
2012-05-21T08:00,18.1,0,6.6
2012-05-21T09:00,18.3,0,6.1
2012-05-21T10:00,19,0,9.2
2012-05-21T11:00,19.2,0,11
2012-05-21T12:00,19.1,0,10.9
2012-05-21T13:00,19,0,10.2
2012-05-21T14:00,19.5,0,8.2
2012-05-21T15:00,21.8,0,4.7
2012-05-21T16:00,24.6,0,4
2012-05-21T17:00,27.1,0,4.7
2012-05-21T18:00,29,0,7.7
2012-05-21T19:00,30,0,11.2
2012-05-21T20:00,31,0,14.3
2012-05-21T21:00,31.5,0,15.3
2012-05-21T22:00,31.4,0,12.2
2012-05-21T23:00,31.1,0,12.8
2012-05-22T00:00,30.3,0,12
2012-05-22T01:00,28.6,0,10
2012-05-22T02:00,26.4,0,9.7
2012-05-22T03:00,23.7,0,9.4
2012-05-22T04:00,21.9,0,5.2
2012-05-22T05:00,20.6,0,5.7
2012-05-22T06:00,19.6,0,9.7
2012-05-22T07:00,18.6,0,10.7
2012-05-22T08:00,17.7,0,7.7
2012-05-22T09:00,18,0,5.4
2012-05-22T10:00,17.6,0,1.5
2012-05-22T11:00,17.3,0,3.4
2012-05-22T12:00,16.9,0,3.6
2012-05-22T13:00,16.5,0,3.8
2012-05-22T14:00,17.4,0,3.6
2012-05-22T15:00,21.2,0,5.2
2012-05-22T16:00,23.7,0,7.6
2012-05-22T17:00,25.8,0,9
2012-05-22T18:00,27.7,0,10
2012-05-22T19:00,28.2,0,11.6
2012-05-22T20:00,29.1,0,15
2012-05-22T21:00,29.1,0,16.6
2012-05-22T22:00,28.8,0,10.4
2012-05-22T23:00,28.4,0,11.6
2012-05-23T00:00,27.7,0,13.2
2012-05-23T01:00,26.5,0,12.7
2012-05-23T02:00,24.8,0,10.9
2012-05-23T03:00,22.7,0,7.6
2012-05-23T04:00,21.2,0,4.6
2012-05-23T05:00,20.4,0,3.4
2012-05-23T06:00,19.6,0,4.3
2012-05-23T07:00,17.9,0,4.8
2012-05-23T08:00,17,0,5.5
2012-05-23T09:00,16.7,0,6
2012-05-23T10:00,16.8,0,11.1
2012-05-23T11:00,16.4,0,14
2012-05-23T12:00,16,0,8.6
2012-05-23T13:00,15.7,0,7.2
2012-05-23T14:00,16.2,0,8
2012-05-23T15:00,18.2,0,8.1
2012-05-23T16:00,20.5,0,9.9
2012-05-23T17:00,22.4,0,13.5
2012-05-23T18:00,24.4,0,14.1
2012-05-23T19:00,25.4,0,14.8
2012-05-23T20:00,26.5,0,16.3
2012-05-23T21:00,27.2,0,18.3
2012-05-23T22:00,27.3,0,16.4
2012-05-23T23:00,27.1,0,15
2012-05-24T00:00,26.2,0,17.7
2012-05-24T01:00,24.5,0,16.7
2012-05-24T02:00,22.3,0,14.4
2012-05-24T03:00,20,0,14.1
2012-05-24T04:00,18.7,0,13.8
2012-05-24T05:00,17.9,0,13.3
2012-05-24T06:00,17.1,0,12.4
2012-05-24T07:00,15.3,0,11.6
2012-05-24T08:00,14.9,0,10.6
2012-05-24T09:00,14.5,0,10
2012-05-24T10:00,14.3,0,11.7
2012-05-24T11:00,14.3,0,12.2
2012-05-24T12:00,14.1,0,11.6
2012-05-24T13:00,13.9,0,11.2
2012-05-24T14:00,14.7,0,10.3
2012-05-24T15:00,17.1,0,11
2012-05-24T16:00,18.8,0,10.6
2012-05-24T17:00,20.8,0,10.8
2012-05-24T18:00,22.6,0,11.5
2012-05-24T19:00,22.9,0,14.2
2012-05-24T20:00,23.6,0,16.7
2012-05-24T21:00,23.8,0,18.2
2012-05-24T22:00,23.6,0,10.8
2012-05-24T23:00,23.2,0,12.6
2012-05-25T00:00,22.7,0,15.8
2012-05-25T01:00,21.9,0,17.4
2012-05-25T02:00,20.1,0,15.6
2012-05-25T03:00,18,0,12.6
2012-05-25T04:00,16.5,0,10.8
2012-05-25T05:00,15.7,0,11
2012-05-25T06:00,15.1,0,12.4
2012-05-25T07:00,15,0.1,11.3
2012-05-25T08:00,14.8,0,12.9
2012-05-25T09:00,14.7,0,12.9
2012-05-25T10:00,14.6,0.1,11.6
2012-05-25T11:00,14.5,0.2,13.8
2012-05-25T12:00,14.3,0.2,14.8
2012-05-25T13:00,14.2,0.1,15.5
2012-05-25T14:00,14.3,0,16.6
2012-05-25T15:00,14.6,0.2,18.8
2012-05-25T16:00,15.6,0.2,21.2
2012-05-25T17:00,15.9,0.2,21
2012-05-25T18:00,16.7,0.3,21.3
2012-05-25T19:00,17.4,0.3,22
2012-05-25T20:00,18.5,0,22.1
2012-05-25T21:00,18.7,0,21.9
2012-05-25T22:00,19,0,22.9
2012-05-25T23:00,18.6,0,22.4
2012-05-26T00:00,17.8,0,20.5
2012-05-26T01:00,17.5,0,16.9
2012-05-26T02:00,15.8,0,16.5
2012-05-26T03:00,14.2,0,15
2012-05-26T04:00,13.1,0,12.3
2012-05-26T05:00,12.4,0,7.4
2012-05-26T06:00,11.6,0,2.3
2012-05-26T07:00,11.5,0,5.4
2012-05-26T08:00,11.3,0,3.8
2012-05-26T09:00,10.9,0,3.2
2012-05-26T10:00,10.7,0,0.5
2012-05-26T11:00,10.5,0,3.8
2012-05-26T12:00,10.4,0,2.1
2012-05-26T13:00,9.9,0,1.8
2012-05-26T14:00,11.2,0,1.5
2012-05-26T15:00,13.1,0,5.3
2012-05-26T16:00,14.8,0,9.2
2012-05-26T17:00,16.3,0,11.9
2012-05-26T18:00,17.6,0,13.8
2012-05-26T19:00,17.6,0,14.1
2012-05-26T20:00,18.3,0,13.7
2012-05-26T21:00,18.9,0,14.4
2012-05-26T22:00,19.3,0,15.3
2012-05-26T23:00,18.6,0,14.3
2012-05-27T00:00,18.7,0,13.5
2012-05-27T01:00,17.8,0,13.8
2012-05-27T02:00,16.7,0,14
2012-05-27T03:00,15.3,0,10.7
2012-05-27T04:00,14.2,0,5.9
2012-05-27T05:00,13.2,0,2.3
2012-05-27T06:00,12.4,0,3.2
2012-05-27T07:00,12.1,0,5
2012-05-27T08:00,11.6,0,5.4
2012-05-27T09:00,10.7,0,5.9
2012-05-27T10:00,10.1,0,9
2012-05-27T11:00,9.6,0,9.9
2012-05-27T12:00,9.2,0,9.8
2012-05-27T13:00,8.9,0,9
2012-05-27T14:00,11.6,0,7.4
2012-05-27T15:00,14.9,0,7
2012-05-27T16:00,17.2,0,7.2
2012-05-27T17:00,19.2,0,7.2
2012-05-27T18:00,21.1,0,6.6
2012-05-27T19:00,22.5,0,9.4
2012-05-27T20:00,23.9,0,12.6
2012-05-27T21:00,24.7,0,16.6
2012-05-27T22:00,25,0,17.2
2012-05-27T23:00,24.8,0,16.2
2012-05-28T00:00,24.5,0,15.6
2012-05-28T01:00,23.7,0,14.3
2012-05-28T02:00,22.4,0,11.6
2012-05-28T03:00,20.7,0,9
2012-05-28T04:00,19.4,0,4.7
2012-05-28T05:00,17.9,0,2.2
2012-05-28T06:00,16.4,0,5.5
2012-05-28T07:00,15.5,0,7.5
2012-05-28T08:00,14.6,0,6.9
2012-05-28T09:00,13.7,0,5.4
2012-05-28T10:00,12.9,0,5.2
2012-05-28T11:00,12.3,0,5.2
2012-05-28T12:00,11.9,0,5
2012-05-28T13:00,11.6,0,4.3
2012-05-28T14:00,14,0,3.2
2012-05-28T15:00,19.3,0,1.8
2012-05-28T16:00,22.7,0,4.1
2012-05-28T17:00,25,0,6.8
2012-05-28T18:00,26.8,0,9.2
2012-05-28T19:00,27,0,11.2
2012-05-28T20:00,27.9,0,13.5
2012-05-28T21:00,28.3,0,15.5
2012-05-28T22:00,28.3,0,15
2012-05-28T23:00,28,0,15.6
2012-05-29T00:00,27.6,0,16.5
2012-05-29T01:00,26.8,0,15.6
2012-05-29T02:00,25.4,0,12.1
2012-05-29T03:00,23.3,0,9.3
2012-05-29T04:00,21.5,0,5.5
2012-05-29T05:00,19.8,0,5.6
2012-05-29T06:00,18.2,0,9.7
2012-05-29T07:00,16.7,0,11.8
2012-05-29T08:00,15.6,0,12.3
2012-05-29T09:00,14.7,0,11
2012-05-29T10:00,14,0,10.7
2012-05-29T11:00,13.5,0,10.4
2012-05-29T12:00,13.2,0,9
2012-05-29T13:00,12.9,0,8.4
2012-05-29T14:00,15.2,0,7.9
2012-05-29T15:00,19.5,0,6.5
2012-05-29T16:00,21.9,0,8
2012-05-29T17:00,24.1,0,9.8
2012-05-29T18:00,25.9,0,11.1
2012-05-29T19:00,26.5,0,13
2012-05-29T20:00,27.3,0,14.7
2012-05-29T21:00,27.7,0,16
2012-05-29T22:00,27.8,0,13
2012-05-29T23:00,27.5,0,15
2012-05-30T00:00,26.8,0,15.1
2012-05-30T01:00,25.4,0,13.4
2012-05-30T02:00,23.9,0,11.6
2012-05-30T03:00,21.7,0,11.8
2012-05-30T04:00,19.9,0,8.6
2012-05-30T05:00,18.5,0,5.1
2012-05-30T06:00,17.5,0,5.1
2012-05-30T07:00,16.6,0,6.8
2012-05-30T08:00,15.7,0,7.4
2012-05-30T09:00,14.9,0,8.8
2012-05-30T10:00,14.2,0,11.3
2012-05-30T11:00,13.7,0,11.7
2012-05-30T12:00,13.4,0,9.4
2012-05-30T13:00,13.3,0,7.9
2012-05-30T14:00,15.7,0,6.9
2012-05-30T15:00,18.5,0,6.7
2012-05-30T16:00,20.8,0,7.9
2012-05-30T17:00,22.8,0,9.3
2012-05-30T18:00,24.7,0,10
2012-05-30T19:00,25.1,0,11.6
2012-05-30T20:00,26.1,0,13.9
2012-05-30T21:00,26.7,0,16.3
2012-05-30T22:00,26.6,0,13.9
2012-05-30T23:00,26.2,0,12.3
2012-05-31T00:00,25.3,0,12.2
2012-05-31T01:00,23.8,0,11.2
2012-05-31T02:00,22.1,0,10.2
2012-05-31T03:00,20.3,0,8.9
2012-05-31T04:00,19,0,6
2012-05-31T05:00,18,0,6.5
2012-05-31T06:00,17.2,0,6.7
2012-05-31T07:00,16.5,0,4.7
2012-05-31T08:00,15.7,0,4.2
2012-05-31T09:00,15.4,0,4.8
2012-05-31T10:00,14.9,0,5.9
2012-05-31T11:00,14.2,0,10.5
2012-05-31T12:00,13.7,0,10.3
2012-05-31T13:00,13.5,0,9.8
2012-05-31T14:00,15.8,0,8.6
2012-05-31T15:00,20.6,0,6.5
2012-05-31T16:00,23.3,0,6.3
2012-05-31T17:00,25.9,0,7.9
2012-05-31T18:00,28.5,0,10.5
2012-05-31T19:00,29.3,0,12.5
2012-05-31T20:00,30,0,15.6
2012-05-31T21:00,30.2,0,17.3
2012-05-31T22:00,30.3,0,12.8
2012-05-31T23:00,30.3,0,12.3
2012-06-01T00:00,29.8,0,12.6
2012-06-01T01:00,28.4,0,12.3
2012-06-01T02:00,26.5,0,10.2
2012-06-01T03:00,24.1,0,7.6
2012-06-01T04:00,22,0,10.7
2012-06-01T05:00,20.6,0,11.8
2012-06-01T06:00,19.4,0,11.2
2012-06-01T07:00,18.1,0,10
2012-06-01T08:00,18,0,6.7
2012-06-01T09:00,17.9,0,4.7
2012-06-01T10:00,17.8,0,6.7
2012-06-01T11:00,17.7,0,8.9
2012-06-01T12:00,17.8,0,9.8
2012-06-01T13:00,17.9,0,9.7
2012-06-01T14:00,18.7,0,9.9
2012-06-01T15:00,20.8,0,8.7
2012-06-01T16:00,23.2,0,8.4
2012-06-01T17:00,25.1,0,8.7
2012-06-01T18:00,26.9,0,10.4
2012-06-01T19:00,27.3,0,11.2
2012-06-01T20:00,28,0,11.9
2012-06-01T21:00,28.7,0,13.2
2012-06-01T22:00,28.6,0,12.2
2012-06-01T23:00,27.8,0,11
2012-06-02T00:00,26.8,0,9.8
2012-06-02T01:00,25.6,0,8.9
2012-06-02T02:00,24,0,9
2012-06-02T03:00,21.9,0,10.1
2012-06-02T04:00,20.3,0,8.9
2012-06-02T05:00,19.2,0,6.6
2012-06-02T06:00,18.4,0,5.2
2012-06-02T07:00,16.7,0,4.7
2012-06-02T08:00,16.2,0,5.2
2012-06-02T09:00,15.7,0,4.8
2012-06-02T10:00,15.4,0,6
2012-06-02T11:00,15.2,0,6.3
2012-06-02T12:00,14.7,0,6.7
2012-06-02T13:00,14.6,0,7.2
2012-06-02T14:00,15.1,0,6.1
2012-06-02T15:00,17.9,0,6.6
2012-06-02T16:00,20,0,7.2
2012-06-02T17:00,22.1,0,8
2012-06-02T18:00,23.8,0,10.1
2012-06-02T19:00,24.5,0,11.4
2012-06-02T20:00,25.7,0,13.2
2012-06-02T21:00,26.5,0,15.2
2012-06-02T22:00,26.4,0,11.1
2012-06-02T23:00,25.6,0,12.8
2012-06-03T00:00,24.3,0,13.3
2012-06-03T01:00,23,0,12.4
2012-06-03T02:00,21.5,0,12
2012-06-03T03:00,19.6,0,11
2012-06-03T04:00,18.2,0,8.1
2012-06-03T05:00,17.3,0,5.4
2012-06-03T06:00,16.6,0,4.3
2012-06-03T07:00,16.1,0,4
2012-06-03T08:00,15.7,0,4.9
2012-06-03T09:00,15.3,0,5.9
2012-06-03T10:00,14.8,0,7.7
2012-06-03T11:00,14.5,0,9.2
2012-06-03T12:00,14.4,0,8.1
2012-06-03T13:00,14,0,7.2
2012-06-03T14:00,15.5,0,7.2
2012-06-03T15:00,18,0,7.9
2012-06-03T16:00,20,0,9.8
2012-06-03T17:00,21.7,0,12.3
2012-06-03T18:00,22.9,0,13.7
2012-06-03T19:00,23.4,0,13.6
2012-06-03T20:00,24.1,0,13.4
2012-06-03T21:00,24.8,0,13.4
2012-06-03T22:00,25.2,0,11.1
2012-06-03T23:00,25,0,12.6
2012-06-04T00:00,24.4,0,12.8
2012-06-04T01:00,23.2,0,12
2012-06-04T02:00,21.3,0,11.2
2012-06-04T03:00,19.2,0,11.6
2012-06-04T04:00,17.7,0,11.6
2012-06-04T05:00,16.7,0,9.4
2012-06-04T06:00,15.9,0,7
2012-06-04T07:00,15.1,0,5.6
2012-06-04T08:00,14.9,0,5.4
2012-06-04T09:00,14.6,0,5.7
2012-06-04T10:00,14.7,0,8.6
2012-06-04T11:00,14.5,0,8.6
2012-06-04T12:00,14.1,0,7.4
2012-06-04T13:00,14.1,0,5.1
2012-06-04T14:00,15.2,0,7.6
2012-06-04T15:00,16.8,0,8.8
2012-06-04T16:00,18.4,0,9.4
2012-06-04T17:00,19.8,0,9.9
2012-06-04T18:00,21.6,0,11.5
2012-06-04T19:00,22.5,0,14.2
2012-06-04T20:00,23.1,0,15.6
2012-06-04T21:00,23.2,0,16.6
2012-06-04T22:00,23.3,0,12.5
2012-06-04T23:00,23,0,13.3
2012-06-05T00:00,22.5,0,12
2012-06-05T01:00,22,0,14.5
2012-06-05T02:00,20.4,0,15.5
2012-06-05T03:00,18.6,0,12
2012-06-05T04:00,17.4,0,8.5
2012-06-05T05:00,16.6,0,7
2012-06-05T06:00,16,0,8
2012-06-05T07:00,15.3,0,8.8
2012-06-05T08:00,15,0,8.9
2012-06-05T09:00,14.6,0,9.5
2012-06-05T10:00,14.6,0,4.3
2012-06-05T11:00,14.5,0,2.9
2012-06-05T12:00,14.5,0,0.8
2012-06-05T13:00,14.1,0,1
2012-06-05T14:00,14.9,0,2.4
2012-06-05T15:00,16.9,0,3.4
2012-06-05T16:00,18.5,0,3.4
2012-06-05T17:00,20.4,0,1.6
2012-06-05T18:00,22,0,4.4
2012-06-05T19:00,23.6,0,8.6
2012-06-05T20:00,24.6,0,12.5
2012-06-05T21:00,25.5,0,16.5
2012-06-05T22:00,25.4,0,18.6
2012-06-05T23:00,24.7,0,17.9
2012-06-06T00:00,23.8,0,17.4
2012-06-06T01:00,23.2,0,16.3
2012-06-06T02:00,22.2,0,15.5
2012-06-06T03:00,20.6,0,12.6
2012-06-06T04:00,19.3,0,6.6
2012-06-06T05:00,18.2,0,1.8
2012-06-06T06:00,17,0,7.2
2012-06-06T07:00,15.9,0,10.8
2012-06-06T08:00,14.9,0,12
2012-06-06T09:00,13.9,0,10.2
2012-06-06T10:00,13.1,0,6.3
2012-06-06T11:00,12.5,0,3.6
2012-06-06T12:00,12,0,2.6
2012-06-06T13:00,11.6,0,2.7
2012-06-06T14:00,13.7,0,2.1
2012-06-06T15:00,17.9,0,1.5
2012-06-06T16:00,21,0,2.7
2012-06-06T17:00,23.8,0,4
2012-06-06T18:00,26.3,0,4.7
2012-06-06T19:00,27.4,0,8
2012-06-06T20:00,28.9,0,14.6
2012-06-06T21:00,29.7,0,20.1
2012-06-06T22:00,29.5,0,16.9
2012-06-06T23:00,28.9,0,15.6
2012-06-07T00:00,28.3,0,16.8
2012-06-07T01:00,27.1,0,15.4
2012-06-07T02:00,25.7,0,12.3
2012-06-07T03:00,23.5,0,8.7
2012-06-07T04:00,21.7,0,8.6
2012-06-07T05:00,20.2,0,12.8
2012-06-07T06:00,19,0,13.1
2012-06-07T07:00,17.6,0,10.3
2012-06-07T08:00,16.5,0,7.5
2012-06-07T09:00,15.4,0,6.3
2012-06-07T10:00,14.6,0,5.6
2012-06-07T11:00,13.9,0,9
2012-06-07T12:00,13.5,0,11.5
2012-06-07T13:00,13.3,0,11.7
2012-06-07T14:00,15.6,0,9.2
2012-06-07T15:00,20.7,0,6
2012-06-07T16:00,23.7,0,6.7
2012-06-07T17:00,26.1,0,8.4
2012-06-07T18:00,28.3,0,8.7
2012-06-07T19:00,28.5,0,10.2
2012-06-07T20:00,29.4,0,12.8
2012-06-07T21:00,29.8,0,15.8
2012-06-07T22:00,29.4,0,12.8
2012-06-07T23:00,29.1,0,14
2012-06-08T00:00,28.7,0,15.3
2012-06-08T01:00,27.6,0,14
2012-06-08T02:00,25.9,0,11.9
2012-06-08T03:00,23.4,0,11
2012-06-08T04:00,21.2,0,9.4
2012-06-08T05:00,19.7,0,8.7
2012-06-08T06:00,18.6,0,10.1
2012-06-08T07:00,17.5,0,10.7
2012-06-08T08:00,17.2,0,10
2012-06-08T09:00,17.4,0,7.6
2012-06-08T10:00,17.3,0,6.9
2012-06-08T11:00,17.2,0,8.9
2012-06-08T12:00,17.1,0,10.1
2012-06-08T13:00,17,0,9.6
2012-06-08T14:00,17.6,0,8
2012-06-08T15:00,20,0,8.7
2012-06-08T16:00,22.3,0,10.1
2012-06-08T17:00,24.4,0,10.5
2012-06-08T18:00,26.1,0,12.3
2012-06-08T19:00,25.8,0,14.8
2012-06-08T20:00,26.3,0,16.6
2012-06-08T21:00,26.5,0,16.8
2012-06-08T22:00,26.4,0,14.5
2012-06-08T23:00,26,0,14.2
2012-06-09T00:00,25.2,0,14
2012-06-09T01:00,24,0,11.6
2012-06-09T02:00,22.3,0,10.6
2012-06-09T03:00,20.4,0,10.2
2012-06-09T04:00,18.8,0,8.4
2012-06-09T05:00,17.8,0,6.6
2012-06-09T06:00,17,0,6.5
2012-06-09T07:00,15.7,0,7.3
2012-06-09T08:00,15.4,0,6.8
2012-06-09T09:00,15,0,6.4
2012-06-09T10:00,14.7,0,8.3
2012-06-09T11:00,14.2,0,7.9
2012-06-09T12:00,13.8,0,7.1
2012-06-09T13:00,13.7,0,7.1
2012-06-09T14:00,14.4,0,7.1
2012-06-09T15:00,17.1,0,8.2
2012-06-09T16:00,19.2,0,10.8
2012-06-09T17:00,21.1,0,13.1
2012-06-09T18:00,22.7,0,14
2012-06-09T19:00,22.2,0,14.5
2012-06-09T20:00,23,0,14.7
2012-06-09T21:00,23.6,0,15.1
2012-06-09T22:00,24,0,14.2
2012-06-09T23:00,23.8,0,14.8
2012-06-10T00:00,23,0,13.7
2012-06-10T01:00,21.7,0,10.8
2012-06-10T02:00,20.1,0,9.6
2012-06-10T03:00,18.3,0,9.4
2012-06-10T04:00,17,0,8.3
2012-06-10T05:00,16.3,0,6
2012-06-10T06:00,15.6,0,4.7
2012-06-10T07:00,15.1,0,4
2012-06-10T08:00,14.5,0,4
2012-06-10T09:00,14,0,3.6
2012-06-10T10:00,13.6,0,5.8
2012-06-10T11:00,13.2,0,4.5
2012-06-10T12:00,13.1,0,6.9
2012-06-10T13:00,12.9,0,8.9
2012-06-10T14:00,14.2,0,7.1
2012-06-10T15:00,16.8,0,8.3
2012-06-10T16:00,19.4,0,11.2
2012-06-10T17:00,21.8,0,12.6
2012-06-10T18:00,23.6,0,13
2012-06-10T19:00,23.5,0,13.6
2012-06-10T20:00,24.4,0,14.3
2012-06-10T21:00,25.1,0,15.1
2012-06-10T22:00,25.3,0,13.8
2012-06-10T23:00,25.1,0,14.1
2012-06-11T00:00,24.6,0,14.3
2012-06-11T01:00,23.5,0,13.4
2012-06-11T02:00,21.7,0,13.4
2012-06-11T03:00,19.4,0,11.8
2012-06-11T04:00,17.6,0,9.2
2012-06-11T05:00,16.4,0,5.8
2012-06-11T06:00,15.6,0,4.4
2012-06-11T07:00,15.3,0,4.5
2012-06-11T08:00,14.6,0,4.6
2012-06-11T09:00,14.1,0,4.4
2012-06-11T10:00,14,0,4.3
2012-06-11T11:00,14.5,0,3.2
2012-06-11T12:00,15.1,0,4
2012-06-11T13:00,15.3,0,6.8
2012-06-11T14:00,16.1,0,7.5
2012-06-11T15:00,18.6,0,7.4
2012-06-11T16:00,21,0,8.9
2012-06-11T17:00,23.2,0,10
2012-06-11T18:00,25.1,0,10.2
2012-06-11T19:00,25.3,0,10.7
2012-06-11T20:00,26.5,0,11.8
2012-06-11T21:00,27.4,0,13.4
2012-06-11T22:00,28.1,0,11.2
2012-06-11T23:00,28.1,0,11.8
2012-06-12T00:00,27.5,0,13
2012-06-12T01:00,26.2,0,13.6
2012-06-12T02:00,24.1,0,13.5
2012-06-12T03:00,21.5,0,12.3
2012-06-12T04:00,19.6,0,10
2012-06-12T05:00,18.5,0,7.9
2012-06-12T06:00,17.4,0,6.3
2012-06-12T07:00,16,0,4.9
2012-06-12T08:00,15.8,0,3.8
2012-06-12T09:00,15.8,0,3.3
2012-06-12T10:00,15.6,0,2.7
2012-06-12T11:00,15.4,0,4.1
2012-06-12T12:00,15.4,0,4
2012-06-12T13:00,15.9,0,5.2
2012-06-12T14:00,17.6,0,5.8
2012-06-12T15:00,20.3,0,7.3
2012-06-12T16:00,22.7,0,8.2
2012-06-12T17:00,24.7,0,8.7
2012-06-12T18:00,26.4,0,10.7
2012-06-12T19:00,27,0,12.8
2012-06-12T20:00,27.7,0,14.8
2012-06-12T21:00,28.1,0,15.7
2012-06-12T22:00,28.2,0,13.2
2012-06-12T23:00,28.2,0,12.2
2012-06-13T00:00,27.9,0,13
2012-06-13T01:00,26.8,0,13.5
2012-06-13T02:00,24.8,0,12.5
2012-06-13T03:00,22.3,0,10.5
2012-06-13T04:00,20.1,0,7.9
2012-06-13T05:00,18.7,0,7.8
2012-06-13T06:00,17.7,0,8.1
2012-06-13T07:00,16.5,0,7.6
2012-06-13T08:00,16.1,0,5.6
2012-06-13T09:00,16.2,0,5.2
2012-06-13T10:00,16.2,0,6.8
2012-06-13T11:00,16.1,0,9.9
2012-06-13T12:00,16,0,7.6
2012-06-13T13:00,15.6,0,7.9
2012-06-13T14:00,16.5,0,7.5
2012-06-13T15:00,18.5,0,8
2012-06-13T16:00,20.6,0,9
2012-06-13T17:00,22.4,0,10.4
2012-06-13T18:00,24.3,0,11.3
2012-06-13T19:00,24.4,0,12.2
2012-06-13T20:00,25.3,0,13.4
2012-06-13T21:00,25.8,0,14.2
2012-06-13T22:00,26,0,10.5
2012-06-13T23:00,25.7,0,10.3
2012-06-14T00:00,25.1,0,10.1
2012-06-14T01:00,24.1,0,10.3
2012-06-14T02:00,22.5,0,11.8
2012-06-14T03:00,20.3,0,12.3
2012-06-14T04:00,18.8,0,9.6
2012-06-14T05:00,17.8,0,7.1
2012-06-14T06:00,16.9,0,6.9
2012-06-14T07:00,15.7,0,7.2
2012-06-14T08:00,15.2,0,7.2
2012-06-14T09:00,14.8,0,6.8
2012-06-14T10:00,14.2,0,7
2012-06-14T11:00,13.5,0,7.6
2012-06-14T12:00,13.3,0,8.1
2012-06-14T13:00,13.5,0,7.6
2012-06-14T14:00,14.4,0,8
2012-06-14T15:00,16.6,0,8.4
2012-06-14T16:00,18.8,0,9
2012-06-14T17:00,20.9,0,10.2
2012-06-14T18:00,22.4,0,11.2
2012-06-14T19:00,23.5,0,12.3
2012-06-14T20:00,24.4,0,12.8
2012-06-14T21:00,25,0,13.2
2012-06-14T22:00,25.4,0,11.4
2012-06-14T23:00,25.1,0,12.3
2012-06-15T00:00,24.4,0,13.3
2012-06-15T01:00,23.2,0,12.4
2012-06-15T02:00,21.5,0,12.8
2012-06-15T03:00,19.4,0,12.6
2012-06-15T04:00,17.7,0,11.1
2012-06-15T05:00,16.6,0,8.6
2012-06-15T06:00,15.8,0,6.3
2012-06-15T07:00,14.8,0,5.4
2012-06-15T08:00,14.4,0,5.4
2012-06-15T09:00,14.3,0,5.5
2012-06-15T10:00,13.8,0,4.7
2012-06-15T11:00,13.7,0,7.6
2012-06-15T12:00,13.5,0,7.9
2012-06-15T13:00,13.5,0,7.1
2012-06-15T14:00,14.6,0,7.4
2012-06-15T15:00,16.3,0,8.8
2012-06-15T16:00,18.4,0,10.1
2012-06-15T17:00,20.6,0,10.1
2012-06-15T18:00,22.7,0,10.2
2012-06-15T19:00,23.1,0,10.7
2012-06-15T20:00,24.3,0,11.5
2012-06-15T21:00,25.3,0,12.8
2012-06-15T22:00,25.6,0,13.8
2012-06-15T23:00,25.1,0,13.8
2012-06-16T00:00,24.1,0,14
2012-06-16T01:00,22.6,0,13.8
2012-06-16T02:00,20.7,0,12.2
2012-06-16T03:00,18.8,0,10.6
2012-06-16T04:00,17.5,0,8.7
2012-06-16T05:00,16.9,0,6.3
2012-06-16T06:00,16.4,0,4.7
2012-06-16T07:00,15.8,0,3.9
2012-06-16T08:00,15.4,0,3.8
2012-06-16T09:00,15,0,4.4
2012-06-16T10:00,14.9,0,4.7
2012-06-16T11:00,15.1,0,5.9
2012-06-16T12:00,15.2,0,6.3
2012-06-16T13:00,15.3,0,7.3
2012-06-16T14:00,16.3,0,8.4
2012-06-16T15:00,19.3,0,7
2012-06-16T16:00,21.9,0,8.2
2012-06-16T17:00,24.3,0,10
2012-06-16T18:00,26.2,0,12
2012-06-16T19:00,26.2,0,13.6
2012-06-16T20:00,26.8,0,15
2012-06-16T21:00,27,0,16.8
2012-06-16T22:00,27,0,14.8
2012-06-16T23:00,27,0,16.4
2012-06-17T00:00,26.8,0,14.9
2012-06-17T01:00,26,0,13.1
2012-06-17T02:00,24.3,0,10.5
2012-06-17T03:00,22.4,0,8.2
2012-06-17T04:00,21,0,6.1
2012-06-17T05:00,20.1,0,4.1
2012-06-17T06:00,19.4,0,3.3
2012-06-17T07:00,18.4,0,3.4
2012-06-17T08:00,17.6,0,1.9
2012-06-17T09:00,16.6,0,1.5
2012-06-17T10:00,16.1,0,1.8
2012-06-17T11:00,15.6,0,1.5
2012-06-17T12:00,15.2,0,4
2012-06-17T13:00,14.9,0,7.6
2012-06-17T14:00,17.1,0,8.3
2012-06-17T15:00,22.8,0,7.6
2012-06-17T16:00,25.8,0,7
2012-06-17T17:00,28,0,6.3
2012-06-17T18:00,29.8,0,7.9
2012-06-17T19:00,29.2,0,9.2
2012-06-17T20:00,30.4,0,10
2012-06-17T21:00,31.4,0,11.5
2012-06-17T22:00,32.1,0,12.8
2012-06-17T23:00,32,0,15
2012-06-18T00:00,31.1,0,15.6
2012-06-18T01:00,29.3,0,14.9
2012-06-18T02:00,27,0,13.4
2012-06-18T03:00,24.4,0,11.8
2012-06-18T04:00,22.3,0,7.9
2012-06-18T05:00,21,0,4.9
2012-06-18T06:00,19.8,0,4.8
2012-06-18T07:00,19,0,4
2012-06-18T08:00,19,0,2.7
2012-06-18T09:00,18.4,0,2.3
2012-06-18T10:00,18.2,0,3.7
2012-06-18T11:00,18.3,0,4.6
2012-06-18T12:00,18.3,0,4.4
2012-06-18T13:00,18.1,0,6.5
2012-06-18T14:00,18.7,0,8.3
2012-06-18T15:00,21,0,7.5
2012-06-18T16:00,23.3,0,7.8
2012-06-18T17:00,25.1,0,8.2
2012-06-18T18:00,26.7,0,8.2
2012-06-18T19:00,27.5,0,9.5
2012-06-18T20:00,28.9,0,12
2012-06-18T21:00,29.7,0,15.5
2012-06-18T22:00,29.4,0,16.6
2012-06-18T23:00,28.5,0,16.8
2012-06-19T00:00,27.4,0,14.7
2012-06-19T01:00,26.1,0,13.8
2012-06-19T02:00,24.2,0,12.7
2012-06-19T03:00,21.7,0,11.1
2012-06-19T04:00,19.7,0,7.8
2012-06-19T05:00,18.5,0,6.4
2012-06-19T06:00,17.5,0,6.4
2012-06-19T07:00,16.8,0,6.6
2012-06-19T08:00,16.2,0,5.4
2012-06-19T09:00,15.7,0,3.7
2012-06-19T10:00,15.1,0,2.6
2012-06-19T11:00,14.6,0,4.9
2012-06-19T12:00,14.2,0,7.6
2012-06-19T13:00,13.8,0,7.8
2012-06-19T14:00,15.1,0,7.1
2012-06-19T15:00,17.9,0,7.4
2012-06-19T16:00,20.1,0,8.4
2012-06-19T17:00,22.3,0,9.7
2012-06-19T18:00,24,0,11.1
2012-06-19T19:00,24.6,0,11.9
2012-06-19T20:00,25.7,0,13.7
2012-06-19T21:00,26.3,0,15.3
2012-06-19T22:00,26.6,0,12.4
2012-06-19T23:00,26.4,0,13
2012-06-20T00:00,25.6,0,13.2
2012-06-20T01:00,24.1,0,14.5
2012-06-20T02:00,22.2,0,14.3
2012-06-20T03:00,20.1,0,11
2012-06-20T04:00,18.6,0,7.7
2012-06-20T05:00,17.7,0,5.2
2012-06-20T06:00,17,0,5.8
2012-06-20T07:00,16.3,0,6.2
2012-06-20T08:00,15.8,0,5.8
2012-06-20T09:00,15.5,0,4.2
2012-06-20T10:00,15,0,4.2
2012-06-20T11:00,14.7,0,7.7
2012-06-20T12:00,14.9,0,8.3
2012-06-20T13:00,15.3,0,7.2
2012-06-20T14:00,16.2,0,6.4
2012-06-20T15:00,18.5,0,7.3
2012-06-20T16:00,20.5,0,9.1
2012-06-20T17:00,22.6,0,9.4
2012-06-20T18:00,24.5,0,11.1
2012-06-20T19:00,24.9,0,14
2012-06-20T20:00,25.6,0,15.5
2012-06-20T21:00,26,0,15.3
2012-06-20T22:00,26.5,0,11
2012-06-20T23:00,27,0,10.2
2012-06-21T00:00,26.8,0,10
2012-06-21T01:00,25.9,0,11.8
2012-06-21T02:00,24,0,13
2012-06-21T03:00,21.6,0,12.8
2012-06-21T04:00,19.8,0,10.2
2012-06-21T05:00,18.8,0,8.1
2012-06-21T06:00,17.9,0,7.9
2012-06-21T07:00,17,0,5.7
2012-06-21T08:00,16.8,0,3.2
2012-06-21T09:00,16.4,0,0.4
2012-06-21T10:00,15.9,0,1.8
2012-06-21T11:00,15.7,0,6.6
2012-06-21T12:00,16,0,8.6
2012-06-21T13:00,16.3,0,8.7
2012-06-21T14:00,16.9,0,8
2012-06-21T15:00,18.8,0,6.9
2012-06-21T16:00,21.2,0,7
2012-06-21T17:00,23.6,0,7.3
2012-06-21T18:00,25.6,0,9
2012-06-21T19:00,24.7,0,10.9
2012-06-21T20:00,25.8,0,12.6
2012-06-21T21:00,26.5,0,14.4
2012-06-21T22:00,26.8,0,13
2012-06-21T23:00,26.6,0,13.8
2012-06-22T00:00,25.9,0,13
2012-06-22T01:00,24.7,0,12.7
2012-06-22T02:00,22.9,0,11.7
2012-06-22T03:00,20.8,0,10.2
2012-06-22T04:00,19.1,0,8.1
2012-06-22T05:00,18.2,0,5.6
2012-06-22T06:00,17.4,0,3.4
2012-06-22T07:00,16.4,0,4.6
2012-06-22T08:00,15.7,0,4.8
2012-06-22T09:00,14.7,0,4.3
2012-06-22T10:00,14.2,0,9.3
2012-06-22T11:00,14,0,10.1
2012-06-22T12:00,13.4,0,8.7
2012-06-22T13:00,13.1,0,9.7
2012-06-22T14:00,15.6,0,8.7
2012-06-22T15:00,18.7,0,7.3
2012-06-22T16:00,20.8,0,7.8
2012-06-22T17:00,23.1,0,7.7
2012-06-22T18:00,25,0,9.1
2012-06-22T19:00,24.8,0,11.2
2012-06-22T20:00,26,0,14
2012-06-22T21:00,26.7,0,15.8
2012-06-22T22:00,26.9,0,12.5
2012-06-22T23:00,26.6,0,15.4
2012-06-23T00:00,25.8,0,16.6
2012-06-23T01:00,24.5,0,14.2
2012-06-23T02:00,22.8,0,12.3
2012-06-23T03:00,20.7,0,9.4
2012-06-23T04:00,19,0,7.1
2012-06-23T05:00,17.9,0,4.4
2012-06-23T06:00,17.1,0,6.9
2012-06-23T07:00,16.4,0,8.9
2012-06-23T08:00,15.7,0,9.7
2012-06-23T09:00,15.1,0,11.3
2012-06-23T10:00,14.4,0,12.5
2012-06-23T11:00,13.9,0,11.7
2012-06-23T12:00,13.6,0,8.1
2012-06-23T13:00,13.3,0,7.1
2012-06-23T14:00,15.7,0,6
2012-06-23T15:00,18.6,0,6.3
2012-06-23T16:00,20.9,0,7.7
2012-06-23T17:00,22.9,0,9.4
2012-06-23T18:00,24.6,0,10.2
2012-06-23T19:00,24.4,0,11.2
2012-06-23T20:00,25.6,0,12.6
2012-06-23T21:00,26.4,0,14.3
2012-06-23T22:00,26.7,0,14.3
2012-06-23T23:00,26.4,0,15.4
2012-06-24T00:00,25.5,0,15.2
2012-06-24T01:00,24.7,0,14.8
2012-06-24T02:00,23.3,0,14.9
2012-06-24T03:00,21.6,0,13.6
2012-06-24T04:00,20.1,0,9.7
2012-06-24T05:00,19,0,3.6
2012-06-24T06:00,18.1,0,2.6
2012-06-24T07:00,17.4,0,5.5
2012-06-24T08:00,16.5,0,6.3
2012-06-24T09:00,15.9,0,5.6
2012-06-24T10:00,15.3,0,9.3
2012-06-24T11:00,14.8,0,10
2012-06-24T12:00,14.4,0,7.6
2012-06-24T13:00,13.9,0,6.5
2012-06-24T14:00,16,0,5.6
2012-06-24T15:00,19.3,0,5.8
2012-06-24T16:00,21.7,0,6.6
2012-06-24T17:00,23.6,0,7.3
2012-06-24T18:00,25.3,0,8.5
2012-06-24T19:00,26.5,0,10
2012-06-24T20:00,27.8,0,12.2
2012-06-24T21:00,28.6,0,14.8
2012-06-24T22:00,28.8,0,16.3
2012-06-24T23:00,28.4,0,16.6
2012-06-25T00:00,27.6,0,16
2012-06-25T01:00,26.3,0,14.8
2012-06-25T02:00,24.5,0,13.8
2012-06-25T03:00,22.4,0,12.8
2012-06-25T04:00,20.6,0,9.7
2012-06-25T05:00,19.3,0,5.4
2012-06-25T06:00,18.2,0,4
2012-06-25T07:00,17.1,0,5.9
2012-06-25T08:00,16.1,0,5.6
2012-06-25T09:00,15.2,0,5.5
2012-06-25T10:00,14.6,0,10.2
2012-06-25T11:00,14.4,0,8.8
2012-06-25T12:00,14.1,0,7.4
2012-06-25T13:00,13.7,0,8
2012-06-25T14:00,15.4,0,8.9
2012-06-25T15:00,18.5,0,6.9
2012-06-25T16:00,20.8,0,7.4
2012-06-25T17:00,22.9,0,8.8
2012-06-25T18:00,24.8,0,10.5
2012-06-25T19:00,25.8,0,12.1
2012-06-25T20:00,27,0,13.7
2012-06-25T21:00,27.7,0,15.5
2012-06-25T22:00,27.9,0,16.5
2012-06-25T23:00,27.5,0,16.6
2012-06-26T00:00,26.8,0,16.3
2012-06-26T01:00,25.8,0,14.8
2012-06-26T02:00,24.3,0,13.7
2012-06-26T03:00,22.4,0,12.4
2012-06-26T04:00,20.6,0,9.5
2012-06-26T05:00,19.4,0,3.4
2012-06-26T06:00,18.1,0,3.2
2012-06-26T07:00,16.8,0,6.4
2012-06-26T08:00,15.8,0,7.4
2012-06-26T09:00,15.2,0,6.9
2012-06-26T10:00,14.7,0,6.7
2012-06-26T11:00,14.1,0,7.4
2012-06-26T12:00,13.5,0,9.4
2012-06-26T13:00,13.2,0,10.5
2012-06-26T14:00,15.2,0,7.1
2012-06-26T15:00,19.8,0,3.4
2012-06-26T16:00,22.4,0,5.2
2012-06-26T17:00,24.7,0,6.8
2012-06-26T18:00,26.8,0,8.2
2012-06-26T19:00,28,0,9.7
2012-06-26T20:00,29.2,0,11.5
2012-06-26T21:00,30,0,14.3
2012-06-26T22:00,30,0,15.8
2012-06-26T23:00,29.4,0,17.5
2012-06-27T00:00,28.3,0,17.4
2012-06-27T01:00,26.9,0,15.5
2012-06-27T02:00,25.2,0,12.1
2012-06-27T03:00,23.3,0,9.7
2012-06-27T04:00,21.7,0,5.8
2012-06-27T05:00,20.4,0,2.3
2012-06-27T06:00,19.2,0,3
2012-06-27T07:00,17.7,0,4.7
2012-06-27T08:00,16.8,0,4.8
2012-06-27T09:00,16.2,0,4.6
2012-06-27T10:00,15.6,0,2.3
2012-06-27T11:00,15,0,3.8
2012-06-27T12:00,14.5,0,5.2
2012-06-27T13:00,14.2,0,5.2
2012-06-27T14:00,16.1,0,4.7
2012-06-27T15:00,20.9,0,3.4
2012-06-27T16:00,23.6,0,4.7
2012-06-27T17:00,26,0,6.6
2012-06-27T18:00,28.1,0,8.1
2012-06-27T19:00,29.5,0,10.5
2012-06-27T20:00,30.6,0,12.9
2012-06-27T21:00,31.2,0,15.2
2012-06-27T22:00,31.2,0,17.3
2012-06-27T23:00,30.8,0,16.4
2012-06-28T00:00,30,0,14.4
2012-06-28T01:00,28.8,0,13.1
2012-06-28T02:00,27,0,11.5
2012-06-28T03:00,24.7,0,10.2
2012-06-28T04:00,22.7,0,6.9
2012-06-28T05:00,21.2,0,4.7
2012-06-28T06:00,19.9,0,4.9
2012-06-28T07:00,18.3,0,5.9
2012-06-28T08:00,17.4,0,5.6
2012-06-28T09:00,17.8,0,4.5
2012-06-28T10:00,17.4,0,4.3
2012-06-28T11:00,16.9,0,6.1
2012-06-28T12:00,16.6,0,7.1
2012-06-28T13:00,16.4,0,7.1
2012-06-28T14:00,17.4,0,6.4
2012-06-28T15:00,21.5,0,4.3
2012-06-28T16:00,24.3,0,5.4
2012-06-28T17:00,26.6,0,7
2012-06-28T18:00,28.5,0,8.6
2012-06-28T19:00,29.8,0,10.2
2012-06-28T20:00,31.1,0,12.8
2012-06-28T21:00,31.8,0,15.5
2012-06-28T22:00,31.7,0,15.8
2012-06-28T23:00,31,0,15.6
2012-06-29T00:00,30,0,15.3
2012-06-29T01:00,28.7,0,14.2
2012-06-29T02:00,27,0,12.7
2012-06-29T03:00,24.9,0,11.9
2012-06-29T04:00,22.9,0,8.8
2012-06-29T05:00,21.4,0,4.5
2012-06-29T06:00,20.1,0,5.3
2012-06-29T07:00,18.4,0,7
2012-06-29T08:00,17.5,0,6
2012-06-29T09:00,17.6,0,4.3
2012-06-29T10:00,17.4,0,6.3
2012-06-29T11:00,17.1,0,7.2
2012-06-29T12:00,16.7,0,6.4
2012-06-29T13:00,16.2,0,4.6
2012-06-29T14:00,17.2,0,3.8
2012-06-29T15:00,21.4,0,2.8
2012-06-29T16:00,24.1,0,4.3
2012-06-29T17:00,26.4,0,6.1
2012-06-29T18:00,28.3,0,8.3
2012-06-29T19:00,29.5,0,10.8
2012-06-29T20:00,30.3,0,13.9
2012-06-29T21:00,30.7,0,16.4
2012-06-29T22:00,30.6,0,15.6
2012-06-29T23:00,30.3,0,15.2
2012-06-30T00:00,29.7,0,14.2
2012-06-30T01:00,28.7,0,13.5
2012-06-30T02:00,27.1,0,12.1
2012-06-30T03:00,25,0,10.5
2012-06-30T04:00,23,0,6.9
2012-06-30T05:00,21.7,0,3.5
2012-06-30T06:00,20.6,0,3.6
2012-06-30T07:00,19.2,0,4.9
2012-06-30T08:00,18.3,0,5.2
2012-06-30T09:00,17.6,0,5.9
2012-06-30T10:00,16.9,0,9.7
2012-06-30T11:00,16.4,0,11
2012-06-30T12:00,16,0,9.3
2012-06-30T13:00,15.7,0,8.8
2012-06-30T14:00,17.6,0,7.4
2012-06-30T15:00,21.5,0,6.3
2012-06-30T16:00,23.8,0,5.9
2012-06-30T17:00,26,0,5.4
2012-06-30T18:00,27.9,0,7.1
2012-06-30T19:00,28.6,0,10.2
2012-06-30T20:00,29.6,0,14.1
2012-06-30T21:00,29.8,0,16.7
2012-06-30T22:00,29.7,0,15.8
2012-06-30T23:00,29.4,0,14.8
2012-07-01T00:00,28.7,0,14
2012-07-01T01:00,27.2,0,13.5
2012-07-01T02:00,25.5,0,12.2
2012-07-01T03:00,23.2,0,10.5
2012-07-01T04:00,21.5,0,7.7
2012-07-01T05:00,20.2,0,5.8
2012-07-01T06:00,19.3,0,6.3
2012-07-01T07:00,18.2,0,7.4
2012-07-01T08:00,17.3,0,8
2012-07-01T09:00,16.6,0,8.6
2012-07-01T10:00,16.1,0,9.5
2012-07-01T11:00,15.6,0,12.6
2012-07-01T12:00,15.5,0,11.3
2012-07-01T13:00,15.6,0,10.2
2012-07-01T14:00,16.8,0,8.4
2012-07-01T15:00,19.1,0,7.8
2012-07-01T16:00,21.3,0,7.6
2012-07-01T17:00,23.3,0,8.7
2012-07-01T18:00,24.9,0,10.5
2012-07-01T19:00,25.9,0,12.4
2012-07-01T20:00,27,0,14.4
2012-07-01T21:00,27.6,0,16.2
2012-07-01T22:00,27.7,0,14
2012-07-01T23:00,27.4,0,13.5
